timestamp,date,event_type,message
2026-01-27T14:24:30.721639,2025-12-15,INIT_INVENTORY,Initialized 2368 inventory records
2026-01-27T14:24:30.729928,2025-12-15,OPEN_DEPLOYMENT_CLEANUP,Removed 0 past-due open deployments (grace_days=100)
2026-01-27T14:30:38.199234,2025-12-15,M1_SHIPMENTS,Processed 1314 shipments
2026-01-27T14:37:25.216286,2025-12-15,M5_DEPLOYMENT,Added 69 deployment plans
2026-01-27T14:42:00.029086,2025-12-15,OPEN_DEPLOYMENT_CLEANUP,Removed 0 past-due open deployments (grace_days=100)
2026-01-27T14:47:21.451179,2025-12-15,M1_SHIPMENTS,Processed 1780 shipments
2026-01-27T14:55:16.727893,2025-12-15,M5_DEPLOYMENT,Added 45 deployment plans
2026-01-27T14:55:16.947748,2025-12-15,M6_DELIVERY,Processed 39 delivery plans
2026-01-27T15:00:06.120360,2025-12-15,OPEN_DEPLOYMENT_CLEANUP,Removed 0 past-due open deployments (grace_days=100)
2026-01-27T15:05:46.972344,2025-12-15,M1_SHIPMENTS,Processed 2070 shipments
2026-01-27T15:14:16.916225,2025-12-15,M5_DEPLOYMENT,Added 29 deployment plans
2026-01-27T15:19:26.669948,2025-12-15,OPEN_DEPLOYMENT_CLEANUP,Removed 0 past-due open deployments (grace_days=100)
2026-01-27T15:26:18.428331,2025-12-15,M1_SHIPMENTS,Processed 2120 shipments
2026-01-27T15:35:53.074484,2025-12-15,M5_DEPLOYMENT,Added 22 deployment plans
2026-01-27T15:41:31.150110,2025-12-15,OPEN_DEPLOYMENT_CLEANUP,Removed 0 past-due open deployments (grace_days=100)
2026-01-27T15:41:31.198466,2025-12-15,M4_PRODUCTION,Processed 6 production receipts
2026-01-27T15:48:11.657880,2025-12-15,M1_SHIPMENTS,Processed 2144 shipments
2026-01-27T15:57:51.771623,2025-12-15,M5_DEPLOYMENT,Added 572 deployment plans
2026-01-27T15:57:53.293222,2025-12-15,M6_DELIVERY,Processed 512 delivery plans
2026-01-27T16:03:39.347688,2025-12-15,OPEN_DEPLOYMENT_CLEANUP,Removed 0 past-due open deployments (grace_days=100)
2026-01-27T16:03:39.470347,2025-12-15,DELIVERY_ARRIVALS,Processed 48 delivery arrivals
2026-01-27T16:03:39.525921,2025-12-15,M4_PRODUCTION,Processed 5 production receipts
2026-01-27T16:10:18.652835,2025-12-15,M1_SHIPMENTS,Processed 2145 shipments
2026-01-27T16:20:14.105685,2025-12-15,M5_DEPLOYMENT,Added 427 deployment plans
2026-01-27T16:20:15.061274,2025-12-15,M6_DELIVERY,Processed 247 delivery plans
2026-01-27T16:26:08.762147,2025-12-15,OPEN_DEPLOYMENT_CLEANUP,Removed 0 past-due open deployments (grace_days=100)
2026-01-27T16:26:08.917127,2025-12-15,DELIVERY_ARRIVALS,Processed 74 delivery arrivals
2026-01-27T16:26:08.959276,2025-12-15,M4_PRODUCTION,Processed 3 production receipts
2026-01-27T16:33:02.796024,2025-12-15,M1_SHIPMENTS,Processed 2145 shipments
2026-01-27T16:43:08.115124,2025-12-15,M5_DEPLOYMENT,Added 464 deployment plans
2026-01-27T16:43:09.687253,2025-12-15,M6_DELIVERY,Processed 409 delivery plans
2026-01-27T16:49:08.352377,2025-12-15,OPEN_DEPLOYMENT_CLEANUP,Removed 0 past-due open deployments (grace_days=100)
2026-01-27T16:49:08.704248,2025-12-15,DELIVERY_ARRIVALS,Processed 70 delivery arrivals
2026-01-27T16:49:08.795669,2025-12-15,M4_PRODUCTION,Processed 8 production receipts
2026-01-27T16:55:55.883525,2025-12-15,M1_SHIPMENTS,Processed 2143 shipments
2026-01-27T17:05:42.961629,2025-12-15,M5_DEPLOYMENT,Added 735 deployment plans
2026-01-27T17:05:45.802584,2025-12-15,M6_DELIVERY,Processed 682 delivery plans
2026-01-27T17:11:35.354092,2025-12-15,OPEN_DEPLOYMENT_CLEANUP,Removed 0 past-due open deployments (grace_days=100)
2026-01-27T17:11:35.681404,2025-12-15,DELIVERY_ARRIVALS,Processed 146 delivery arrivals
2026-01-27T17:11:35.741327,2025-12-15,M4_PRODUCTION,Processed 6 production receipts
2026-01-27T17:18:28.082269,2025-12-15,M1_SHIPMENTS,Processed 2106 shipments
2026-01-27T17:28:26.531517,2025-12-15,M5_DEPLOYMENT,Added 570 deployment plans
2026-01-27T17:28:29.146447,2025-12-15,M6_DELIVERY,Processed 611 delivery plans
2026-01-27T17:34:32.866191,2025-12-15,OPEN_DEPLOYMENT_CLEANUP,Removed 0 past-due open deployments (grace_days=100)
2026-01-27T17:34:33.572185,2025-12-15,DELIVERY_ARRIVALS,Processed 228 delivery arrivals
2026-01-27T17:34:33.705377,2025-12-15,M4_PRODUCTION,Processed 11 production receipts
2026-01-27T17:41:17.066282,2025-12-15,M1_SHIPMENTS,Processed 2102 shipments
2026-01-27T17:51:05.723502,2025-12-15,M5_DEPLOYMENT,Added 756 deployment plans
2026-01-27T17:51:08.046110,2025-12-15,M6_DELIVERY,Processed 694 delivery plans
2026-01-27T17:57:04.044217,2025-12-15,OPEN_DEPLOYMENT_CLEANUP,Removed 0 past-due open deployments (grace_days=100)
2026-01-27T17:57:05.069857,2025-12-15,DELIVERY_ARRIVALS,Processed 376 delivery arrivals
2026-01-27T17:57:05.242419,2025-12-15,M4_PRODUCTION,Processed 14 production receipts
2026-01-27T18:03:41.429216,2025-12-15,M1_SHIPMENTS,Processed 2101 shipments
2026-01-27T18:14:02.360906,2025-12-15,M5_DEPLOYMENT,Added 997 deployment plans
2026-01-27T18:14:05.265557,2025-12-15,M6_DELIVERY,Processed 917 delivery plans
2026-01-27T18:20:11.472404,2025-12-15,OPEN_DEPLOYMENT_CLEANUP,Removed 0 past-due open deployments (grace_days=100)
2026-01-27T18:20:12.410972,2025-12-15,DELIVERY_ARRIVALS,Processed 392 delivery arrivals
2026-01-27T18:20:12.505425,2025-12-15,M4_PRODUCTION,Processed 10 production receipts
2026-01-27T18:27:00.923081,2025-12-15,M1_SHIPMENTS,Processed 2101 shipments
2026-01-27T18:36:51.469923,2025-12-15,M5_DEPLOYMENT,Added 837 deployment plans
2026-01-27T18:36:53.799296,2025-12-15,M6_DELIVERY,Processed 660 delivery plans
