date,material,location,quantity,type
2026-02-06,21029016,A668,0,customer_shipment
2026-02-06,21029016,A672,0,customer_shipment
2026-02-06,21029016,A673,0,customer_shipment
2026-02-06,21029016,A680,0,customer_shipment
2026-02-06,21029016,A715,0,customer_shipment
2026-02-06,21029016,A716,0,customer_shipment
2026-02-06,21029016,C810,0,customer_shipment
2026-02-06,21029016,C816,0,customer_shipment
2026-02-06,21029016,C819,0,customer_shipment
2026-02-06,21029016,C937,0,customer_shipment
2026-02-06,21029016,D767,0,customer_shipment
2026-02-06,21029016,E556,0,customer_shipment
2026-02-06,21029016,E564,0,customer_shipment
2026-02-06,21029016,E568,0,customer_shipment
2026-02-06,21029016,E569,0,customer_shipment
2026-02-06,21098519,A668,0,customer_shipment
2026-02-06,21098519,A672,40,customer_shipment
2026-02-06,21098519,A673,65,customer_shipment
2026-02-06,21098519,A680,0,customer_shipment
2026-02-06,21098519,A715,5,customer_shipment
2026-02-06,21098519,A716,6,customer_shipment
2026-02-06,21098519,C810,19,customer_shipment
2026-02-06,21098519,C816,56,customer_shipment
2026-02-06,21098519,C937,5,customer_shipment
2026-02-06,21098519,D767,1,customer_shipment
2026-02-06,21098519,D901,0,customer_shipment
2026-02-06,21098519,E556,0,customer_shipment
2026-02-06,21098519,E564,2,customer_shipment
2026-02-06,21098519,E569,1,customer_shipment
2026-02-06,21103371,A668,34,customer_shipment
2026-02-06,21103371,A672,51,customer_shipment
2026-02-06,21103371,A673,54,customer_shipment
2026-02-06,21103371,A680,4,customer_shipment
2026-02-06,21103371,A715,4,customer_shipment
2026-02-06,21103371,A716,13,customer_shipment
2026-02-06,21103371,C563,1,customer_shipment
2026-02-06,21103371,C810,27,customer_shipment
2026-02-06,21103371,C816,14,customer_shipment
2026-02-06,21103371,C937,5,customer_shipment
2026-02-06,21103371,D767,0,customer_shipment
2026-02-06,21103371,D901,17,customer_shipment
2026-02-06,21103371,E295,7,customer_shipment
2026-02-06,21103371,E564,0,customer_shipment
2026-02-06,21103371,E569,0,customer_shipment
2026-02-06,21103372,A668,37,customer_shipment
2026-02-06,21103372,A672,8,customer_shipment
2026-02-06,21103372,A673,0,customer_shipment
2026-02-06,21103372,A680,10,customer_shipment
2026-02-06,21103372,A715,5,customer_shipment
2026-02-06,21103372,A716,7,customer_shipment
2026-02-06,21103372,C810,20,customer_shipment
2026-02-06,21103372,C816,25,customer_shipment
2026-02-06,21103372,C937,8,customer_shipment
2026-02-06,21103372,D767,2,customer_shipment
2026-02-06,21103372,D901,8,customer_shipment
2026-02-06,21103372,E556,0,customer_shipment
2026-02-06,21103372,E564,1,customer_shipment
2026-02-06,21103372,E569,1,customer_shipment
2026-02-06,21113405,A668,6,customer_shipment
2026-02-06,21113405,A672,7,customer_shipment
2026-02-06,21113405,A673,1,customer_shipment
2026-02-06,21113405,A680,1,customer_shipment
2026-02-06,21113405,A715,1,customer_shipment
2026-02-06,21113405,A716,2,customer_shipment
2026-02-06,21113405,C810,0,customer_shipment
2026-02-06,21113405,C816,5,customer_shipment
2026-02-06,21113405,C819,1,customer_shipment
2026-02-06,21113405,C937,1,customer_shipment
2026-02-06,21113405,D767,4,customer_shipment
2026-02-06,21113405,D901,0,customer_shipment
2026-02-06,21113405,E556,0,customer_shipment
2026-02-06,21113405,E564,0,customer_shipment
2026-02-06,21113405,E568,0,customer_shipment
2026-02-06,21113405,E569,0,customer_shipment
2026-02-06,21118864,A668,0,customer_shipment
2026-02-06,21118864,A672,0,customer_shipment
2026-02-06,21118864,A673,4,customer_shipment
2026-02-06,21118864,A680,1,customer_shipment
2026-02-06,21118864,C816,2,customer_shipment
2026-02-06,21118867,A668,2,customer_shipment
2026-02-06,21118867,A672,2,customer_shipment
2026-02-06,21118867,A673,2,customer_shipment
2026-02-06,21118867,A680,1,customer_shipment
2026-02-06,21118867,A715,0,customer_shipment
2026-02-06,21118867,A716,1,customer_shipment
2026-02-06,21118867,C816,2,customer_shipment
2026-02-06,21118867,C819,0,customer_shipment
2026-02-06,21118867,C937,0,customer_shipment
2026-02-06,21118867,D767,1,customer_shipment
2026-02-06,21118867,D901,0,customer_shipment
2026-02-06,21118867,E564,1,customer_shipment
2026-02-06,21121751,A668,1,customer_shipment
2026-02-06,21121751,A672,4,customer_shipment
2026-02-06,21121751,A673,32,customer_shipment
2026-02-06,21121751,A680,2,customer_shipment
2026-02-06,21121751,A715,0,customer_shipment
2026-02-06,21121751,A716,1,customer_shipment
2026-02-06,21121751,C816,14,customer_shipment
2026-02-06,21121751,C819,2,customer_shipment
2026-02-06,21121751,D767,0,customer_shipment
2026-02-06,21121751,D901,7,customer_shipment
2026-02-06,21121751,E556,3,customer_shipment
2026-02-06,21121751,E564,0,customer_shipment
2026-02-06,21121752,A668,0,customer_shipment
2026-02-06,21121752,A672,5,customer_shipment
2026-02-06,21121752,A673,4,customer_shipment
2026-02-06,21121752,A680,1,customer_shipment
2026-02-06,21121752,A716,0,customer_shipment
2026-02-06,21121752,C816,9,customer_shipment
2026-02-06,21121752,C819,2,customer_shipment
2026-02-06,21121752,D767,1,customer_shipment
2026-02-06,21121752,E556,0,customer_shipment
2026-02-06,21121756,A668,7,customer_shipment
2026-02-06,21121756,A672,14,customer_shipment
2026-02-06,21121756,A673,18,customer_shipment
2026-02-06,21121756,A680,1,customer_shipment
2026-02-06,21121756,A715,1,customer_shipment
2026-02-06,21121756,A716,0,customer_shipment
2026-02-06,21121756,C810,0,customer_shipment
2026-02-06,21121756,C816,2,customer_shipment
2026-02-06,21121756,C819,1,customer_shipment
2026-02-06,21121756,C937,0,customer_shipment
2026-02-06,21121756,D767,0,customer_shipment
2026-02-06,21121756,D901,0,customer_shipment
2026-02-06,21121756,E556,0,customer_shipment
2026-02-06,21121756,E564,1,customer_shipment
2026-02-06,21121756,E568,0,customer_shipment
2026-02-06,21121756,E569,0,customer_shipment
2026-02-06,21127730,A668,0,customer_shipment
2026-02-06,21127730,A672,6,customer_shipment
2026-02-06,21127730,A673,23,customer_shipment
2026-02-06,21127730,A680,4,customer_shipment
2026-02-06,21127730,A715,0,customer_shipment
2026-02-06,21127730,A716,1,customer_shipment
2026-02-06,21127730,C563,4,customer_shipment
2026-02-06,21127730,C816,15,customer_shipment
2026-02-06,21127730,C937,0,customer_shipment
2026-02-06,21127730,D901,2,customer_shipment
2026-02-06,21127730,E295,0,customer_shipment
2026-02-06,21127799,A672,17,customer_shipment
2026-02-06,21127799,A673,2,customer_shipment
2026-02-06,21127799,C816,3,customer_shipment
2026-02-06,21127799,E556,2,customer_shipment
2026-02-06,21127800,A672,3,customer_shipment
2026-02-06,21127800,A673,1,customer_shipment
2026-02-06,21127800,C816,3,customer_shipment
2026-02-06,21127800,E556,2,customer_shipment
2026-02-06,21128067,A668,7,customer_shipment
2026-02-06,21128067,A672,13,customer_shipment
2026-02-06,21128067,A673,19,customer_shipment
2026-02-06,21128067,A680,2,customer_shipment
2026-02-06,21128067,A715,3,customer_shipment
2026-02-06,21128067,A716,14,customer_shipment
2026-02-06,21128067,C563,0,customer_shipment
2026-02-06,21128067,C810,0,customer_shipment
2026-02-06,21128067,C816,31,customer_shipment
2026-02-06,21128067,C819,1,customer_shipment
2026-02-06,21128067,C937,1,customer_shipment
2026-02-06,21128067,D767,2,customer_shipment
2026-02-06,21128067,D901,5,customer_shipment
2026-02-06,21128067,E556,1,customer_shipment
2026-02-06,21128067,E564,4,customer_shipment
2026-02-06,21128067,E568,0,customer_shipment
2026-02-06,21128067,E569,0,customer_shipment
2026-02-06,21128377,A668,4,customer_shipment
2026-02-06,21128377,A672,0,customer_shipment
2026-02-06,21128377,A673,18,customer_shipment
2026-02-06,21128377,A680,15,customer_shipment
2026-02-06,21128377,A715,6,customer_shipment
2026-02-06,21128377,A716,5,customer_shipment
2026-02-06,21128377,C810,1,customer_shipment
2026-02-06,21128377,C816,9,customer_shipment
2026-02-06,21128377,C937,1,customer_shipment
2026-02-06,21128377,D191,1,customer_shipment
2026-02-06,21128377,D767,0,customer_shipment
2026-02-06,21128377,D901,10,customer_shipment
2026-02-06,21128377,E564,0,customer_shipment
2026-02-06,21128377,E569,0,customer_shipment
2026-02-06,21132752,A672,21,customer_shipment
2026-02-06,21132752,C816,18,customer_shipment
2026-02-06,21132758,A668,23,customer_shipment
2026-02-06,21132758,A672,93,customer_shipment
2026-02-06,21132758,A673,25,customer_shipment
2026-02-06,21132758,A680,20,customer_shipment
2026-02-06,21132758,A715,7,customer_shipment
2026-02-06,21132758,A716,7,customer_shipment
2026-02-06,21132758,C563,2,customer_shipment
2026-02-06,21132758,C810,1,customer_shipment
2026-02-06,21132758,C816,55,customer_shipment
2026-02-06,21132758,C819,0,customer_shipment
2026-02-06,21132758,C937,5,customer_shipment
2026-02-06,21132758,D191,0,customer_shipment
2026-02-06,21132758,D767,3,customer_shipment
2026-02-06,21132758,D901,21,customer_shipment
2026-02-06,21132758,E295,2,customer_shipment
2026-02-06,21132758,E556,4,customer_shipment
2026-02-06,21132758,E564,1,customer_shipment
2026-02-06,21132758,E568,0,customer_shipment
2026-02-06,21132758,E569,1,customer_shipment
2026-02-06,21132988,A668,11,customer_shipment
2026-02-06,21132988,A672,1,customer_shipment
2026-02-06,21132988,A673,39,customer_shipment
2026-02-06,21132988,A680,7,customer_shipment
2026-02-06,21132988,A715,2,customer_shipment
2026-02-06,21132988,A716,0,customer_shipment
2026-02-06,21132988,C563,2,customer_shipment
2026-02-06,21132988,C810,0,customer_shipment
2026-02-06,21132988,C816,12,customer_shipment
2026-02-06,21132988,C819,1,customer_shipment
2026-02-06,21132988,C937,0,customer_shipment
2026-02-06,21132988,D191,1,customer_shipment
2026-02-06,21132988,D767,4,customer_shipment
2026-02-06,21132988,D901,10,customer_shipment
2026-02-06,21132988,E556,0,customer_shipment
2026-02-06,21132988,E564,12,customer_shipment
2026-02-06,21132988,E568,0,customer_shipment
2026-02-06,21132988,E569,1,customer_shipment
2026-02-06,21133312,A668,7,customer_shipment
2026-02-06,21133312,A672,42,customer_shipment
2026-02-06,21133312,A673,19,customer_shipment
2026-02-06,21133312,A680,12,customer_shipment
2026-02-06,21133312,A715,2,customer_shipment
2026-02-06,21133312,A716,1,customer_shipment
2026-02-06,21133312,C816,25,customer_shipment
2026-02-06,21133312,C937,0,customer_shipment
2026-02-06,21133312,D191,1,customer_shipment
2026-02-06,21133312,D767,1,customer_shipment
2026-02-06,21133312,D901,4,customer_shipment
2026-02-06,21133312,E564,0,customer_shipment
2026-02-06,21133312,E569,0,customer_shipment
2026-02-06,21133493,A672,64,customer_shipment
2026-02-06,21133493,A673,4,customer_shipment
2026-02-06,21133493,C816,0,customer_shipment
2026-02-06,21133493,E556,3,customer_shipment
2026-02-06,21137621,A672,106,customer_shipment
2026-02-06,21137621,C816,28,customer_shipment
2026-02-06,21137866,A668,20,customer_shipment
2026-02-06,21137866,A672,50,customer_shipment
2026-02-06,21137866,A673,27,customer_shipment
2026-02-06,21137866,A680,15,customer_shipment
2026-02-06,21137866,A715,7,customer_shipment
2026-02-06,21137866,A716,11,customer_shipment
2026-02-06,21137866,C563,6,customer_shipment
2026-02-06,21137866,C810,2,customer_shipment
2026-02-06,21137866,C816,58,customer_shipment
2026-02-06,21137866,C819,1,customer_shipment
2026-02-06,21137866,C937,6,customer_shipment
2026-02-06,21137866,D191,1,customer_shipment
2026-02-06,21137866,D767,8,customer_shipment
2026-02-06,21137866,D901,0,customer_shipment
2026-02-06,21137866,E556,1,customer_shipment
2026-02-06,21137866,E564,2,customer_shipment
2026-02-06,21137866,E568,1,customer_shipment
2026-02-06,21137866,E569,0,customer_shipment
2026-02-06,21138340,A672,109,customer_shipment
2026-02-06,21138340,A673,4,customer_shipment
2026-02-06,21138340,C816,2,customer_shipment
2026-02-06,21138340,E556,1,customer_shipment
2026-02-06,21139445,A668,0,customer_shipment
2026-02-06,21139445,A672,63,customer_shipment
2026-02-06,21139445,A673,14,customer_shipment
2026-02-06,21139445,A680,20,customer_shipment
2026-02-06,21139445,A715,4,customer_shipment
2026-02-06,21139445,A716,4,customer_shipment
2026-02-06,21139445,C810,2,customer_shipment
2026-02-06,21139445,C816,36,customer_shipment
2026-02-06,21139445,C937,1,customer_shipment
2026-02-06,21139445,D901,3,customer_shipment
2026-02-06,21139445,E569,0,customer_shipment
2026-02-06,21141769,A668,8,customer_shipment
2026-02-06,21141769,A672,40,customer_shipment
2026-02-06,21141769,A673,16,customer_shipment
2026-02-06,21141769,A680,5,customer_shipment
2026-02-06,21141769,A715,7,customer_shipment
2026-02-06,21141769,A716,6,customer_shipment
2026-02-06,21141769,C810,2,customer_shipment
2026-02-06,21141769,C816,0,customer_shipment
2026-02-06,21141769,C819,0,customer_shipment
2026-02-06,21141769,C937,3,customer_shipment
2026-02-06,21141769,D767,5,customer_shipment
2026-02-06,21141769,D901,5,customer_shipment
2026-02-06,21141769,E556,2,customer_shipment
2026-02-06,21141769,E564,4,customer_shipment
2026-02-06,21141769,E568,1,customer_shipment
2026-02-06,21141769,E569,1,customer_shipment
2026-02-06,21142556,A672,12,customer_shipment
2026-02-06,21142556,C810,9,customer_shipment
2026-02-06,21142556,C816,5,customer_shipment
2026-02-06,21142560,A672,40,customer_shipment
2026-02-06,21142560,C816,4,customer_shipment
2026-02-06,21143102,A668,5,customer_shipment
2026-02-06,21143102,A672,26,customer_shipment
2026-02-06,21143102,A673,22,customer_shipment
2026-02-06,21143102,A680,9,customer_shipment
2026-02-06,21143102,A715,3,customer_shipment
2026-02-06,21143102,A716,0,customer_shipment
2026-02-06,21143102,C816,9,customer_shipment
2026-02-06,21143102,C937,2,customer_shipment
2026-02-06,21143102,D191,1,customer_shipment
2026-02-06,21143102,D767,0,customer_shipment
2026-02-06,21143102,D901,7,customer_shipment
2026-02-06,21143102,E564,0,customer_shipment
2026-02-06,21143102,E569,0,customer_shipment
2026-02-06,21143103,A668,3,customer_shipment
2026-02-06,21143103,A672,3,customer_shipment
2026-02-06,21143103,A673,5,customer_shipment
2026-02-06,21143103,A680,1,customer_shipment
2026-02-06,21143103,A715,3,customer_shipment
2026-02-06,21143103,A716,2,customer_shipment
2026-02-06,21143103,C816,15,customer_shipment
2026-02-06,21143103,C937,2,customer_shipment
2026-02-06,21143103,D901,3,customer_shipment
2026-02-06,21143103,E569,0,customer_shipment
2026-02-06,21143110,A668,6,customer_shipment
2026-02-06,21143110,A672,4,customer_shipment
2026-02-06,21143110,A673,1,customer_shipment
2026-02-06,21143110,A680,4,customer_shipment
2026-02-06,21143110,A715,1,customer_shipment
2026-02-06,21143110,C563,5,customer_shipment
2026-02-06,21143110,C816,1,customer_shipment
2026-02-06,21143110,D901,4,customer_shipment
2026-02-06,21143110,E295,12,customer_shipment
2026-02-06,21148509,A668,9,customer_shipment
2026-02-06,21148509,A672,31,customer_shipment
2026-02-06,21148509,A673,34,customer_shipment
2026-02-06,21148509,A680,0,customer_shipment
2026-02-06,21148509,A715,0,customer_shipment
2026-02-06,21148509,A716,3,customer_shipment
2026-02-06,21148509,C810,4,customer_shipment
2026-02-06,21148509,C816,0,customer_shipment
2026-02-06,21148509,C819,0,customer_shipment
2026-02-06,21148509,C937,3,customer_shipment
2026-02-06,21148509,D767,6,customer_shipment
2026-02-06,21148509,D901,1,customer_shipment
2026-02-06,21148509,E556,0,customer_shipment
2026-02-06,21148509,E564,1,customer_shipment
2026-02-06,21148509,E568,1,customer_shipment
2026-02-06,21148509,E569,0,customer_shipment
2026-02-06,21151196,A668,27,customer_shipment
2026-02-06,21151196,A672,0,customer_shipment
2026-02-06,21151196,A673,22,customer_shipment
2026-02-06,21151196,A680,7,customer_shipment
2026-02-06,21151196,A715,6,customer_shipment
2026-02-06,21151196,A716,4,customer_shipment
2026-02-06,21151196,C563,6,customer_shipment
2026-02-06,21151196,C810,0,customer_shipment
2026-02-06,21151196,C816,35,customer_shipment
2026-02-06,21151196,C819,0,customer_shipment
2026-02-06,21151196,C937,5,customer_shipment
2026-02-06,21151196,D191,1,customer_shipment
2026-02-06,21151196,D767,1,customer_shipment
2026-02-06,21151196,D901,7,customer_shipment
2026-02-06,21151196,E295,0,customer_shipment
2026-02-06,21151196,E564,0,customer_shipment
2026-02-06,21151196,E569,0,customer_shipment
2026-02-06,21155895,A668,3,customer_shipment
2026-02-06,21155895,A672,4,customer_shipment
2026-02-06,21155895,A673,50,customer_shipment
2026-02-06,21155895,A680,10,customer_shipment
2026-02-06,21155895,A715,0,customer_shipment
2026-02-06,21155895,A716,2,customer_shipment
2026-02-06,21155895,C810,1,customer_shipment
2026-02-06,21155895,C816,0,customer_shipment
2026-02-06,21155895,C819,1,customer_shipment
2026-02-06,21155895,C937,0,customer_shipment
2026-02-06,21155895,D767,0,customer_shipment
2026-02-06,21155895,D901,0,customer_shipment
2026-02-06,21155895,E556,0,customer_shipment
2026-02-06,21155895,E564,1,customer_shipment
2026-02-06,21162696,A668,1,customer_shipment
2026-02-06,21162696,A672,21,customer_shipment
2026-02-06,21162696,A673,3,customer_shipment
2026-02-06,21162696,A680,0,customer_shipment
2026-02-06,21162696,A716,1,customer_shipment
2026-02-06,21162696,C816,0,customer_shipment
2026-02-06,21162696,C937,0,customer_shipment
2026-02-06,21162696,D767,1,customer_shipment
2026-02-06,21162696,E556,0,customer_shipment
2026-02-06,21162696,E564,1,customer_shipment
2026-02-06,21165816,A668,2,customer_shipment
2026-02-06,21165816,A672,2,customer_shipment
2026-02-06,21165816,A673,2,customer_shipment
2026-02-06,21165816,A680,1,customer_shipment
2026-02-06,21165816,A715,0,customer_shipment
2026-02-06,21165816,A716,0,customer_shipment
2026-02-06,21165816,C810,0,customer_shipment
2026-02-06,21165816,C816,1,customer_shipment
2026-02-06,21165816,C937,0,customer_shipment
2026-02-06,21165816,D901,0,customer_shipment
2026-02-06,21165868,A668,2,customer_shipment
2026-02-06,21165868,A672,1,customer_shipment
2026-02-06,21165868,A673,1,customer_shipment
2026-02-06,21165868,A680,1,customer_shipment
2026-02-06,21165868,A715,0,customer_shipment
2026-02-06,21165868,A716,0,customer_shipment
2026-02-06,21165868,C810,1,customer_shipment
2026-02-06,21165868,C816,1,customer_shipment
2026-02-06,21165868,C937,0,customer_shipment
2026-02-06,21165868,D901,0,customer_shipment
2026-02-06,21165946,A668,0,customer_shipment
2026-02-06,21165946,A672,1,customer_shipment
2026-02-06,21165946,A673,49,customer_shipment
2026-02-06,21165946,A680,4,customer_shipment
2026-02-06,21165946,A715,0,customer_shipment
2026-02-06,21165946,A716,1,customer_shipment
2026-02-06,21165946,C816,0,customer_shipment
2026-02-06,21165946,C937,0,customer_shipment
2026-02-06,21165946,D767,0,customer_shipment
2026-02-06,21165946,D901,4,customer_shipment
2026-02-06,21165946,E467,0,customer_shipment
2026-02-06,21165946,E556,0,customer_shipment
2026-02-06,21165946,E564,2,customer_shipment
2026-02-06,21170683,A668,3,customer_shipment
2026-02-06,21170683,A672,3,customer_shipment
2026-02-06,21170683,A673,53,customer_shipment
2026-02-06,21170683,A680,7,customer_shipment
2026-02-06,21170683,A716,2,customer_shipment
2026-02-06,21170683,C810,0,customer_shipment
2026-02-06,21170683,C816,2,customer_shipment
2026-02-06,21170683,C937,0,customer_shipment
2026-02-06,21170683,D767,0,customer_shipment
2026-02-06,21170683,D901,11,customer_shipment
2026-02-06,21170683,E467,1,customer_shipment
2026-02-06,21170683,E556,0,customer_shipment
2026-02-06,21170683,E564,0,customer_shipment
2026-02-06,21170686,A668,1,customer_shipment
2026-02-06,21170686,A672,3,customer_shipment
2026-02-06,21170686,A673,0,customer_shipment
2026-02-06,21170686,A680,0,customer_shipment
2026-02-06,21170686,A715,0,customer_shipment
2026-02-06,21170686,A716,0,customer_shipment
2026-02-06,21170686,C810,0,customer_shipment
2026-02-06,21170686,C816,0,customer_shipment
2026-02-06,21170686,C937,0,customer_shipment
2026-02-06,21170686,D901,0,customer_shipment
2026-02-06,21170691,A668,1,customer_shipment
2026-02-06,21170691,A672,0,customer_shipment
2026-02-06,21170691,A673,0,customer_shipment
2026-02-06,21170691,A680,0,customer_shipment
2026-02-06,21170691,A715,0,customer_shipment
2026-02-06,21170691,A716,0,customer_shipment
2026-02-06,21170691,C810,1,customer_shipment
2026-02-06,21170691,C816,1,customer_shipment
2026-02-06,21170691,C937,0,customer_shipment
2026-02-06,21170691,D901,0,customer_shipment
2026-02-06,21171453,A668,0,customer_shipment
2026-02-06,21171453,A672,1,customer_shipment
2026-02-06,21171453,A673,9,customer_shipment
2026-02-06,21171453,A680,0,customer_shipment
2026-02-06,21171453,A716,1,customer_shipment
2026-02-06,21171453,C816,2,customer_shipment
2026-02-06,21171453,C819,0,customer_shipment
2026-02-06,21171453,D767,0,customer_shipment
2026-02-06,21171453,D901,2,customer_shipment
2026-02-06,21171453,E564,0,customer_shipment
2026-02-06,21176384,A668,0,customer_shipment
2026-02-06,21176384,A672,0,customer_shipment
2026-02-06,21176384,A673,4,customer_shipment
2026-02-06,21176384,A680,0,customer_shipment
2026-02-06,21176384,A715,0,customer_shipment
2026-02-06,21176384,A716,0,customer_shipment
2026-02-06,21176384,C810,1,customer_shipment
2026-02-06,21176384,C816,1,customer_shipment
2026-02-06,21176384,C937,0,customer_shipment
2026-02-06,21176384,D901,1,customer_shipment
2026-02-06,21179704,A668,2,customer_shipment
2026-02-06,21179704,A672,13,customer_shipment
2026-02-06,21179704,A673,1,customer_shipment
2026-02-06,21179704,A680,0,customer_shipment
2026-02-06,21179704,A716,1,customer_shipment
2026-02-06,21179704,C816,0,customer_shipment
2026-02-06,21179704,C937,0,customer_shipment
2026-02-06,21179704,D767,1,customer_shipment
2026-02-06,21179704,E556,1,customer_shipment
2026-02-06,21179704,E564,1,customer_shipment
2026-02-06,21255844,A668,2,customer_shipment
2026-02-06,21255844,A672,1,customer_shipment
2026-02-06,21255844,A673,3,customer_shipment
2026-02-06,21255844,A680,0,customer_shipment
2026-02-06,21255844,C816,0,customer_shipment
2026-02-06,21255844,C819,0,customer_shipment
2026-02-06,21255844,C937,4,customer_shipment
2026-02-06,21255844,E569,0,customer_shipment
2026-02-06,21269899,A673,0,customer_shipment
2026-02-06,21269899,A715,1,customer_shipment
2026-02-06,21269899,C816,0,customer_shipment
2026-02-06,21275914,A668,2,customer_shipment
2026-02-06,21275914,A672,3,customer_shipment
2026-02-06,21275914,A673,4,customer_shipment
2026-02-06,21275914,A680,0,customer_shipment
2026-02-06,21275914,C816,3,customer_shipment
2026-02-06,21275914,C819,0,customer_shipment
2026-02-06,21275914,C937,8,customer_shipment
2026-02-06,21275914,E569,0,customer_shipment
2026-02-06,21291975,A672,1,customer_shipment
2026-02-06,21291975,A673,65,customer_shipment
2026-02-06,21291975,A680,1,customer_shipment
2026-02-06,21291975,A716,0,customer_shipment
2026-02-06,21291975,C816,1,customer_shipment
2026-02-06,21301637,A672,1,customer_shipment
2026-02-06,21301637,A673,77,customer_shipment
2026-02-06,21301637,A680,1,customer_shipment
2026-02-06,21301637,A716,0,customer_shipment
2026-02-06,21301637,C816,1,customer_shipment
2026-02-06,21303404,A672,0,customer_shipment
2026-02-06,21303404,A673,25,customer_shipment
2026-02-06,21303404,E556,3,customer_shipment
2026-02-06,21304907,A668,0,customer_shipment
2026-02-06,21304907,A672,0,customer_shipment
2026-02-06,21304907,A673,4,customer_shipment
2026-02-06,21304907,A680,1,customer_shipment
2026-02-06,21304907,A715,1,customer_shipment
2026-02-06,21304907,A716,0,customer_shipment
2026-02-06,21304907,C816,1,customer_shipment
2026-02-06,21304907,C937,0,customer_shipment
2026-02-06,21304907,D767,1,customer_shipment
2026-02-06,21304907,E564,0,customer_shipment
2026-02-06,21304907,E569,0,customer_shipment
2026-02-06,21307836,A668,1,customer_shipment
2026-02-06,21307836,A672,0,customer_shipment
2026-02-06,21307836,A673,14,customer_shipment
2026-02-06,21307836,A680,5,customer_shipment
2026-02-06,21307836,A715,3,customer_shipment
2026-02-06,21307836,A716,3,customer_shipment
2026-02-06,21307836,C810,1,customer_shipment
2026-02-06,21307836,C816,3,customer_shipment
2026-02-06,21314593,A668,6,customer_shipment
2026-02-06,21314593,A672,3,customer_shipment
2026-02-06,21314593,A673,13,customer_shipment
2026-02-06,21314593,A680,2,customer_shipment
2026-02-06,21314593,A715,4,customer_shipment
2026-02-06,21314593,A716,3,customer_shipment
2026-02-06,21314593,C810,2,customer_shipment
2026-02-06,21314593,C816,40,customer_shipment
2026-02-06,21314593,C937,1,customer_shipment
2026-02-06,21314593,D767,1,customer_shipment
2026-02-06,21314593,D901,2,customer_shipment
2026-02-06,21314593,E556,7,customer_shipment
2026-02-06,21314593,E568,0,customer_shipment
2026-02-06,21314593,E569,1,customer_shipment
2026-02-06,21314594,A668,3,customer_shipment
2026-02-06,21314594,A672,31,customer_shipment
2026-02-06,21314594,A673,10,customer_shipment
2026-02-06,21314594,A680,2,customer_shipment
2026-02-06,21314594,A715,0,customer_shipment
2026-02-06,21314594,A716,0,customer_shipment
2026-02-06,21314594,C810,0,customer_shipment
2026-02-06,21314594,C816,26,customer_shipment
2026-02-06,21314594,C937,0,customer_shipment
2026-02-06,21314594,D901,0,customer_shipment
2026-02-06,21314594,E556,1,customer_shipment
2026-02-06,21314595,A668,0,customer_shipment
2026-02-06,21314595,A672,34,customer_shipment
2026-02-06,21314595,A673,1,customer_shipment
2026-02-06,21314595,A680,3,customer_shipment
2026-02-06,21314595,A715,2,customer_shipment
2026-02-06,21314595,A716,0,customer_shipment
2026-02-06,21314595,C810,0,customer_shipment
2026-02-06,21314595,C816,21,customer_shipment
2026-02-06,21314595,C937,0,customer_shipment
2026-02-06,21314595,D901,2,customer_shipment
2026-02-06,21314602,A668,0,customer_shipment
2026-02-06,21314602,A672,0,customer_shipment
2026-02-06,21314602,A673,0,customer_shipment
2026-02-06,21314602,A680,2,customer_shipment
2026-02-06,21314602,A715,2,customer_shipment
2026-02-06,21314602,A716,0,customer_shipment
2026-02-06,21314602,C816,2,customer_shipment
2026-02-06,21314602,C937,1,customer_shipment
2026-02-06,21314602,D767,2,customer_shipment
2026-02-06,21314602,E564,0,customer_shipment
2026-02-06,21314602,E569,2,customer_shipment
2026-02-06,21314875,A668,0,customer_shipment
2026-02-06,21314875,A672,5,customer_shipment
2026-02-06,21314875,A673,6,customer_shipment
2026-02-06,21314875,A680,0,customer_shipment
2026-02-06,21314875,A715,0,customer_shipment
2026-02-06,21314875,A716,1,customer_shipment
2026-02-06,21314875,C816,1,customer_shipment
2026-02-06,21314875,C937,0,customer_shipment
2026-02-06,21314875,D901,3,customer_shipment
2026-02-06,21314875,E556,1,customer_shipment
2026-02-06,21314875,E564,1,customer_shipment
2026-02-06,21314875,E568,0,customer_shipment
2026-02-06,21314876,A668,4,customer_shipment
2026-02-06,21314876,A672,5,customer_shipment
2026-02-06,21314876,A673,7,customer_shipment
2026-02-06,21314876,A680,1,customer_shipment
2026-02-06,21314876,A715,0,customer_shipment
2026-02-06,21314876,A716,0,customer_shipment
2026-02-06,21314876,C816,0,customer_shipment
2026-02-06,21314876,C937,0,customer_shipment
2026-02-06,21314876,D901,4,customer_shipment
2026-02-06,21314876,E556,1,customer_shipment
2026-02-06,21314876,E564,2,customer_shipment
2026-02-06,21314876,E568,0,customer_shipment
2026-02-06,21315350,A668,4,customer_shipment
2026-02-06,21315350,A672,15,customer_shipment
2026-02-06,21315350,A673,46,customer_shipment
2026-02-06,21315350,A680,13,customer_shipment
2026-02-06,21315350,A715,4,customer_shipment
2026-02-06,21315350,A716,4,customer_shipment
2026-02-06,21315350,C810,5,customer_shipment
2026-02-06,21315350,C816,56,customer_shipment
2026-02-06,21315350,C819,1,customer_shipment
2026-02-06,21315350,C937,14,customer_shipment
2026-02-06,21315350,D767,5,customer_shipment
2026-02-06,21315350,D901,3,customer_shipment
2026-02-06,21315350,E556,6,customer_shipment
2026-02-06,21315350,E568,1,customer_shipment
2026-02-06,21315350,E569,0,customer_shipment
2026-02-06,21315352,A668,5,customer_shipment
2026-02-06,21315352,A672,1,customer_shipment
2026-02-06,21315352,A673,18,customer_shipment
2026-02-06,21315352,A680,2,customer_shipment
2026-02-06,21315352,A715,2,customer_shipment
2026-02-06,21315352,A716,1,customer_shipment
2026-02-06,21315352,C810,0,customer_shipment
2026-02-06,21315352,C816,27,customer_shipment
2026-02-06,21315352,C937,0,customer_shipment
2026-02-06,21315352,D767,2,customer_shipment
2026-02-06,21315352,D901,2,customer_shipment
2026-02-06,21315352,E556,3,customer_shipment
2026-02-06,21315352,E568,0,customer_shipment
2026-02-06,21315352,E569,0,customer_shipment
2026-02-06,21315474,A668,5,customer_shipment
2026-02-06,21315474,A672,28,customer_shipment
2026-02-06,21315474,A673,33,customer_shipment
2026-02-06,21315474,A680,3,customer_shipment
2026-02-06,21315474,A715,12,customer_shipment
2026-02-06,21315474,A716,0,customer_shipment
2026-02-06,21315474,C563,0,customer_shipment
2026-02-06,21315474,C810,0,customer_shipment
2026-02-06,21315474,C816,1,customer_shipment
2026-02-06,21315474,C937,0,customer_shipment
2026-02-06,21315474,D352,0,customer_shipment
2026-02-06,21315474,D767,3,customer_shipment
2026-02-06,21315474,D901,10,customer_shipment
2026-02-06,21315474,E556,5,customer_shipment
2026-02-06,21315474,E564,8,customer_shipment
2026-02-06,21315474,E568,0,customer_shipment
2026-02-06,21315474,E569,1,customer_shipment
2026-02-06,21325164,A668,0,customer_shipment
2026-02-06,21325164,A672,14,customer_shipment
2026-02-06,21325164,A673,9,customer_shipment
2026-02-06,21325164,A680,1,customer_shipment
2026-02-06,21325164,A716,0,customer_shipment
2026-02-06,21325164,C816,1,customer_shipment
2026-02-06,21325164,C937,0,customer_shipment
2026-02-06,21325164,D767,2,customer_shipment
2026-02-06,21325164,E556,0,customer_shipment
2026-02-06,21325164,E568,0,customer_shipment
2026-02-06,21325164,E569,0,customer_shipment
2026-02-06,21325292,A668,11,customer_shipment
2026-02-06,21325292,A672,25,customer_shipment
2026-02-06,21325292,A673,45,customer_shipment
2026-02-06,21325292,A680,9,customer_shipment
2026-02-06,21325292,A715,12,customer_shipment
2026-02-06,21325292,A716,0,customer_shipment
2026-02-06,21325292,C563,0,customer_shipment
2026-02-06,21325292,C810,4,customer_shipment
2026-02-06,21325292,C816,10,customer_shipment
2026-02-06,21325292,C937,2,customer_shipment
2026-02-06,21325292,D352,0,customer_shipment
2026-02-06,21325292,D767,5,customer_shipment
2026-02-06,21325292,D901,2,customer_shipment
2026-02-06,21325292,E556,6,customer_shipment
2026-02-06,21325292,E564,4,customer_shipment
2026-02-06,21325292,E568,1,customer_shipment
2026-02-06,21325292,E569,1,customer_shipment
2026-02-06,21352461,A668,5,customer_shipment
2026-02-06,21352461,A672,22,customer_shipment
2026-02-06,21352461,A673,3,customer_shipment
2026-02-06,21352461,A680,16,customer_shipment
2026-02-06,21352461,A715,0,customer_shipment
2026-02-06,21352461,A716,1,customer_shipment
2026-02-06,21352461,C810,1,customer_shipment
2026-02-06,21352461,C816,23,customer_shipment
2026-02-06,21352461,C937,0,customer_shipment
2026-02-06,21354246,A668,1,customer_shipment
2026-02-06,21354246,A672,9,customer_shipment
2026-02-06,21354246,A673,5,customer_shipment
2026-02-06,21354246,A680,0,customer_shipment
2026-02-06,21354246,A715,1,customer_shipment
2026-02-06,21354246,C816,3,customer_shipment
2026-02-06,21354246,C937,0,customer_shipment
2026-02-06,21354246,D767,1,customer_shipment
2026-02-06,21354246,E556,0,customer_shipment
2026-02-06,21354246,E568,0,customer_shipment
2026-02-06,21357275,A668,7,customer_shipment
2026-02-06,21357275,A672,4,customer_shipment
2026-02-06,21357275,A673,23,customer_shipment
2026-02-06,21357275,A680,0,customer_shipment
2026-02-06,21357275,A715,6,customer_shipment
2026-02-06,21357275,A716,0,customer_shipment
2026-02-06,21357275,C810,1,customer_shipment
2026-02-06,21357275,C816,19,customer_shipment
2026-02-06,21357275,C937,0,customer_shipment
2026-02-06,21377504,A668,1,customer_shipment
2026-02-06,21377504,A672,0,customer_shipment
2026-02-06,21377504,A673,12,customer_shipment
2026-02-06,21377504,A680,0,customer_shipment
2026-02-06,21377504,A715,0,customer_shipment
2026-02-06,21377504,C816,1,customer_shipment
2026-02-06,21377504,C937,1,customer_shipment
2026-02-06,21377504,D767,0,customer_shipment
2026-02-06,21377504,E556,0,customer_shipment
2026-02-06,21377504,E568,0,customer_shipment
2026-02-06,21414747,A668,1,customer_shipment
2026-02-06,21414747,A672,57,customer_shipment
2026-02-06,21414747,A673,19,customer_shipment
2026-02-06,21414747,A680,21,customer_shipment
2026-02-06,21414747,A715,5,customer_shipment
2026-02-06,21414747,A716,1,customer_shipment
2026-02-06,21414747,C816,14,customer_shipment
2026-02-06,21419485,A668,17,customer_shipment
2026-02-06,21419485,A672,19,customer_shipment
2026-02-06,21419485,A673,59,customer_shipment
2026-02-06,21419485,A680,21,customer_shipment
2026-02-06,21419485,A715,7,customer_shipment
2026-02-06,21419485,A716,2,customer_shipment
2026-02-06,21419485,C816,2,customer_shipment
2026-02-06,21419490,A668,5,customer_shipment
2026-02-06,21419490,A672,22,customer_shipment
2026-02-06,21419490,A673,32,customer_shipment
2026-02-06,21419490,A680,0,customer_shipment
2026-02-06,21419490,A715,3,customer_shipment
2026-02-06,21419490,A716,3,customer_shipment
2026-02-06,21419490,C816,9,customer_shipment
2026-02-06,21419500,A668,5,customer_shipment
2026-02-06,21419500,A672,8,customer_shipment
2026-02-06,21419500,A673,53,customer_shipment
2026-02-06,21419500,A680,3,customer_shipment
2026-02-06,21419500,A715,2,customer_shipment
2026-02-06,21419500,A716,2,customer_shipment
2026-02-06,21419500,C816,7,customer_shipment
2026-02-06,21421148,A672,2,customer_shipment
2026-02-06,21421148,C816,4,customer_shipment
2026-02-06,21421149,A672,9,customer_shipment
2026-02-06,21421149,C816,7,customer_shipment
2026-02-06,21422791,A672,1,customer_shipment
2026-02-06,21422791,A673,42,customer_shipment
2026-02-06,21422791,A680,1,customer_shipment
2026-02-06,21422791,A716,0,customer_shipment
2026-02-06,21422791,C816,6,customer_shipment
2026-02-06,21425098,A673,3,customer_shipment
2026-02-06,21428668,A668,14,customer_shipment
2026-02-06,21428668,A672,23,customer_shipment
2026-02-06,21428668,A673,87,customer_shipment
2026-02-06,21428668,A680,0,customer_shipment
2026-02-06,21428668,A715,6,customer_shipment
2026-02-06,21428668,A716,4,customer_shipment
2026-02-06,21428668,C816,11,customer_shipment
2026-02-06,21431638,A672,30,customer_shipment
2026-02-06,21431638,C810,2,customer_shipment
2026-02-06,21434952,A668,20,customer_shipment
2026-02-06,21434952,A672,24,customer_shipment
2026-02-06,21434952,A673,56,customer_shipment
2026-02-06,21434952,A680,0,customer_shipment
2026-02-06,21434952,A715,0,customer_shipment
2026-02-06,21434952,A716,3,customer_shipment
2026-02-06,21434952,C816,14,customer_shipment
2026-02-06,21434952,C937,0,customer_shipment
2026-02-06,21434954,A668,0,customer_shipment
2026-02-06,21434954,A672,25,customer_shipment
2026-02-06,21434954,A673,43,customer_shipment
2026-02-06,21434954,A680,0,customer_shipment
2026-02-06,21434954,A715,0,customer_shipment
2026-02-06,21434954,A716,2,customer_shipment
2026-02-06,21434954,C816,0,customer_shipment
2026-02-06,21434954,C937,0,customer_shipment
2026-02-06,21442422,A668,0,customer_shipment
2026-02-06,21442422,A672,48,customer_shipment
2026-02-06,21442422,A673,51,customer_shipment
2026-02-06,21442422,A680,13,customer_shipment
2026-02-06,21442422,A715,12,customer_shipment
2026-02-06,21442422,A716,7,customer_shipment
2026-02-06,21442422,C816,39,customer_shipment
2026-02-06,21442896,A668,0,customer_shipment
2026-02-06,21442896,A672,20,customer_shipment
2026-02-06,21442896,A673,0,customer_shipment
2026-02-06,21442896,A680,8,customer_shipment
2026-02-06,21442896,A715,3,customer_shipment
2026-02-06,21442896,A716,4,customer_shipment
2026-02-06,21442896,C816,11,customer_shipment
2026-02-06,21442897,A668,12,customer_shipment
2026-02-06,21442897,A672,31,customer_shipment
2026-02-06,21442897,A673,161,customer_shipment
2026-02-06,21442897,A680,7,customer_shipment
2026-02-06,21442897,A715,1,customer_shipment
2026-02-06,21442897,A716,4,customer_shipment
2026-02-06,21442897,C816,4,customer_shipment
2026-02-06,21447518,A668,1,customer_shipment
2026-02-06,21447518,A672,0,customer_shipment
2026-02-06,21447518,A673,1,customer_shipment
2026-02-06,21447518,A680,1,customer_shipment
2026-02-06,21447518,A715,0,customer_shipment
2026-02-06,21447518,A716,0,customer_shipment
2026-02-06,21447518,C816,0,customer_shipment
2026-02-06,80791223,A668,0,customer_shipment
2026-02-06,80791223,A672,0,customer_shipment
2026-02-06,80791223,A673,0,customer_shipment
2026-02-06,80791223,A680,0,customer_shipment
2026-02-06,80791223,A715,0,customer_shipment
2026-02-06,80791223,A716,0,customer_shipment
2026-02-06,80791223,C816,0,customer_shipment
2026-02-06,80793613,A668,1,customer_shipment
2026-02-06,80793613,A672,0,customer_shipment
2026-02-06,80793613,A673,1,customer_shipment
2026-02-06,80793613,A680,0,customer_shipment
2026-02-06,80793613,A715,0,customer_shipment
2026-02-06,80793613,A716,0,customer_shipment
2026-02-06,80793613,C595,0,customer_shipment
2026-02-06,80793613,C816,1,customer_shipment
2026-02-06,80793613,C937,0,customer_shipment
2026-02-06,80793613,D901,2,customer_shipment
2026-02-06,80793614,A668,0,customer_shipment
2026-02-06,80793614,A672,0,customer_shipment
2026-02-06,80793614,A673,11,customer_shipment
2026-02-06,80793614,A680,0,customer_shipment
2026-02-06,80793614,A715,1,customer_shipment
2026-02-06,80793614,A716,0,customer_shipment
2026-02-06,80793614,C595,0,customer_shipment
2026-02-06,80793614,C816,1,customer_shipment
2026-02-06,80793615,A668,1,customer_shipment
2026-02-06,80793615,A672,3,customer_shipment
2026-02-06,80793615,A673,23,customer_shipment
2026-02-06,80793615,A680,2,customer_shipment
2026-02-06,80793615,A715,2,customer_shipment
2026-02-06,80793615,A716,1,customer_shipment
2026-02-06,80793615,C595,0,customer_shipment
2026-02-06,80793615,C816,8,customer_shipment
2026-02-06,80793615,C937,0,customer_shipment
2026-02-06,80795932,A668,0,customer_shipment
2026-02-06,80795932,A672,2,customer_shipment
2026-02-06,80795932,A673,2,customer_shipment
2026-02-06,80795932,A680,0,customer_shipment
2026-02-06,80795932,A715,1,customer_shipment
2026-02-06,80795932,A716,0,customer_shipment
2026-02-06,80795932,C816,2,customer_shipment
2026-02-06,80795932,C937,0,customer_shipment
2026-02-06,80795932,D901,0,customer_shipment
2026-02-06,80795933,A668,0,customer_shipment
2026-02-06,80795933,A672,2,customer_shipment
2026-02-06,80795933,A673,4,customer_shipment
2026-02-06,80795933,A680,0,customer_shipment
2026-02-06,80795933,A715,0,customer_shipment
2026-02-06,80795933,A716,0,customer_shipment
2026-02-06,80795933,C595,0,customer_shipment
2026-02-06,80795933,C816,0,customer_shipment
2026-02-06,80795933,C819,0,customer_shipment
2026-02-06,80795933,C937,0,customer_shipment
2026-02-06,80796091,A668,1,customer_shipment
2026-02-06,80796091,A672,4,customer_shipment
2026-02-06,80796091,A673,29,customer_shipment
2026-02-06,80796091,A680,2,customer_shipment
2026-02-06,80796091,A715,0,customer_shipment
2026-02-06,80796091,A716,0,customer_shipment
2026-02-06,80796091,C595,0,customer_shipment
2026-02-06,80796091,C816,6,customer_shipment
2026-02-06,80796091,C937,0,customer_shipment
2026-02-06,80799660,A668,0,customer_shipment
2026-02-06,80799660,A672,0,customer_shipment
2026-02-06,80799660,A673,0,customer_shipment
2026-02-06,80799660,A680,0,customer_shipment
2026-02-06,80799660,A715,0,customer_shipment
2026-02-06,80799660,A716,0,customer_shipment
2026-02-06,80799660,C563,0,customer_shipment
2026-02-06,80799660,C816,0,customer_shipment
2026-02-06,80799660,C819,0,customer_shipment
2026-02-06,80799660,E295,0,customer_shipment
2026-02-06,80804127,A668,2,customer_shipment
2026-02-06,80804127,A672,16,customer_shipment
2026-02-06,80804127,A673,0,customer_shipment
2026-02-06,80804127,A680,11,customer_shipment
2026-02-06,80804127,A715,1,customer_shipment
2026-02-06,80804127,A716,0,customer_shipment
2026-02-06,80804127,C816,10,customer_shipment
2026-02-06,80804127,C819,0,customer_shipment
2026-02-06,80804127,C937,1,customer_shipment
2026-02-06,80804127,D767,1,customer_shipment
2026-02-06,80804127,E556,2,customer_shipment
2026-02-06,80804127,E564,0,customer_shipment
2026-02-06,80804128,A668,8,customer_shipment
2026-02-06,80804128,A672,26,customer_shipment
2026-02-06,80804128,A673,20,customer_shipment
2026-02-06,80804128,A680,5,customer_shipment
2026-02-06,80804128,A715,1,customer_shipment
2026-02-06,80804128,A716,0,customer_shipment
2026-02-06,80804128,C810,0,customer_shipment
2026-02-06,80804128,C816,9,customer_shipment
2026-02-06,80804128,C819,2,customer_shipment
2026-02-06,80804128,C937,0,customer_shipment
2026-02-06,80804128,D767,1,customer_shipment
2026-02-06,80804128,D901,0,customer_shipment
2026-02-06,80804128,E556,1,customer_shipment
2026-02-06,80804128,E564,0,customer_shipment
2026-02-06,80804128,E568,0,customer_shipment
2026-02-06,80804128,E569,1,customer_shipment
2026-02-06,80804129,A668,1,customer_shipment
2026-02-06,80804129,A672,3,customer_shipment
2026-02-06,80804129,A673,0,customer_shipment
2026-02-06,80804129,A680,1,customer_shipment
2026-02-06,80804129,A715,1,customer_shipment
2026-02-06,80804129,A716,0,customer_shipment
2026-02-06,80804129,C810,0,customer_shipment
2026-02-06,80804129,C816,3,customer_shipment
2026-02-06,80804129,C819,0,customer_shipment
2026-02-06,80804129,C937,0,customer_shipment
2026-02-06,80804130,A668,2,customer_shipment
2026-02-06,80804130,A672,26,customer_shipment
2026-02-06,80804130,A673,10,customer_shipment
2026-02-06,80804130,A680,0,customer_shipment
2026-02-06,80804130,A715,1,customer_shipment
2026-02-06,80804130,A716,0,customer_shipment
2026-02-06,80804130,C810,0,customer_shipment
2026-02-06,80804130,C816,1,customer_shipment
2026-02-06,80804130,C819,0,customer_shipment
2026-02-06,80804130,C937,1,customer_shipment
2026-02-06,80804130,D767,2,customer_shipment
2026-02-06,80804130,D901,1,customer_shipment
2026-02-06,80804130,E556,2,customer_shipment
2026-02-06,80804130,E564,3,customer_shipment
2026-02-06,80804130,E568,0,customer_shipment
2026-02-06,80804130,E569,1,customer_shipment
2026-02-06,80804131,A668,0,customer_shipment
2026-02-06,80804131,A672,0,customer_shipment
2026-02-06,80804131,A673,0,customer_shipment
2026-02-06,80804131,A680,0,customer_shipment
2026-02-06,80804131,A715,0,customer_shipment
2026-02-06,80804131,A716,0,customer_shipment
2026-02-06,80804131,C816,0,customer_shipment
2026-02-06,80804132,A668,10,customer_shipment
2026-02-06,80804132,A672,23,customer_shipment
2026-02-06,80804132,A673,63,customer_shipment
2026-02-06,80804132,A680,4,customer_shipment
2026-02-06,80804132,A715,1,customer_shipment
2026-02-06,80804132,A716,9,customer_shipment
2026-02-06,80804132,C810,2,customer_shipment
2026-02-06,80804132,C816,20,customer_shipment
2026-02-06,80804132,C819,4,customer_shipment
2026-02-06,80804132,C937,1,customer_shipment
2026-02-06,80804132,D767,0,customer_shipment
2026-02-06,80804132,D901,4,customer_shipment
2026-02-06,80804132,E467,2,customer_shipment
2026-02-06,80804132,E556,0,customer_shipment
2026-02-06,80804132,E564,6,customer_shipment
2026-02-06,80804132,E568,0,customer_shipment
2026-02-06,80804132,E569,1,customer_shipment
2026-02-06,80804133,A668,11,customer_shipment
2026-02-06,80804133,A672,45,customer_shipment
2026-02-06,80804133,A673,57,customer_shipment
2026-02-06,80804133,A680,17,customer_shipment
2026-02-06,80804133,A715,1,customer_shipment
2026-02-06,80804133,A716,11,customer_shipment
2026-02-06,80804133,C810,0,customer_shipment
2026-02-06,80804133,C816,19,customer_shipment
2026-02-06,80804133,C819,9,customer_shipment
2026-02-06,80804133,C937,7,customer_shipment
2026-02-06,80804133,D767,3,customer_shipment
2026-02-06,80804133,D901,7,customer_shipment
2026-02-06,80804133,E467,1,customer_shipment
2026-02-06,80804133,E556,2,customer_shipment
2026-02-06,80804133,E564,12,customer_shipment
2026-02-06,80804133,E568,0,customer_shipment
2026-02-06,80804133,E569,2,customer_shipment
2026-02-06,80804134,A668,24,customer_shipment
2026-02-06,80804134,A672,38,customer_shipment
2026-02-06,80804134,A673,123,customer_shipment
2026-02-06,80804134,A680,15,customer_shipment
2026-02-06,80804134,A715,4,customer_shipment
2026-02-06,80804134,A716,13,customer_shipment
2026-02-06,80804134,C731,0,customer_shipment
2026-02-06,80804134,C810,0,customer_shipment
2026-02-06,80804134,C816,27,customer_shipment
2026-02-06,80804134,C819,0,customer_shipment
2026-02-06,80804134,C937,0,customer_shipment
2026-02-06,80804134,D191,2,customer_shipment
2026-02-06,80804134,D767,8,customer_shipment
2026-02-06,80804134,D901,3,customer_shipment
2026-02-06,80804134,E295,9,customer_shipment
2026-02-06,80804134,E467,3,customer_shipment
2026-02-06,80804134,E556,4,customer_shipment
2026-02-06,80804134,E564,9,customer_shipment
2026-02-06,80804134,E568,0,customer_shipment
2026-02-06,80804134,E569,3,customer_shipment
2026-02-06,80804135,A668,0,customer_shipment
2026-02-06,80804135,A672,1,customer_shipment
2026-02-06,80804135,A673,6,customer_shipment
2026-02-06,80804135,A680,1,customer_shipment
2026-02-06,80804135,A715,0,customer_shipment
2026-02-06,80804135,A716,1,customer_shipment
2026-02-06,80804135,C810,0,customer_shipment
2026-02-06,80804135,C816,5,customer_shipment
2026-02-06,80804135,C819,0,customer_shipment
2026-02-06,80804135,C937,0,customer_shipment
2026-02-06,80804136,A668,48,customer_shipment
2026-02-06,80804136,A672,73,customer_shipment
2026-02-06,80804136,A673,18,customer_shipment
2026-02-06,80804136,A680,8,customer_shipment
2026-02-06,80804136,A715,3,customer_shipment
2026-02-06,80804136,A716,12,customer_shipment
2026-02-06,80804136,C731,0,customer_shipment
2026-02-06,80804136,C810,7,customer_shipment
2026-02-06,80804136,C816,26,customer_shipment
2026-02-06,80804136,C819,4,customer_shipment
2026-02-06,80804136,C937,2,customer_shipment
2026-02-06,80804136,D191,2,customer_shipment
2026-02-06,80804136,D767,11,customer_shipment
2026-02-06,80804136,D901,0,customer_shipment
2026-02-06,80804136,E556,0,customer_shipment
2026-02-06,80804136,E564,7,customer_shipment
2026-02-06,80804136,E568,0,customer_shipment
2026-02-06,80804136,E569,3,customer_shipment
2026-02-06,80804137,A668,2,customer_shipment
2026-02-06,80804137,A672,41,customer_shipment
2026-02-06,80804137,A673,5,customer_shipment
2026-02-06,80804137,A680,1,customer_shipment
2026-02-06,80804137,A715,3,customer_shipment
2026-02-06,80804137,A716,1,customer_shipment
2026-02-06,80804137,C810,1,customer_shipment
2026-02-06,80804137,C816,6,customer_shipment
2026-02-06,80804137,C819,0,customer_shipment
2026-02-06,80804137,C937,2,customer_shipment
2026-02-06,80804137,D767,1,customer_shipment
2026-02-06,80804137,D901,1,customer_shipment
2026-02-06,80804137,E556,0,customer_shipment
2026-02-06,80804137,E564,6,customer_shipment
2026-02-06,80804137,E568,0,customer_shipment
2026-02-06,80804137,E569,1,customer_shipment
2026-02-06,80804138,A668,0,customer_shipment
2026-02-06,80804138,A672,36,customer_shipment
2026-02-06,80804138,A673,14,customer_shipment
2026-02-06,80804138,A680,2,customer_shipment
2026-02-06,80804138,A715,5,customer_shipment
2026-02-06,80804138,A716,2,customer_shipment
2026-02-06,80804138,C810,0,customer_shipment
2026-02-06,80804138,C816,6,customer_shipment
2026-02-06,80804138,C819,0,customer_shipment
2026-02-06,80804138,C937,0,customer_shipment
2026-02-06,80804138,D767,3,customer_shipment
2026-02-06,80804138,D901,6,customer_shipment
2026-02-06,80804138,E556,3,customer_shipment
2026-02-06,80804138,E564,0,customer_shipment
2026-02-06,80804138,E568,0,customer_shipment
2026-02-06,80804138,E569,1,customer_shipment
2026-02-06,80804698,A668,5,customer_shipment
2026-02-06,80804698,A672,9,customer_shipment
2026-02-06,80804698,A673,9,customer_shipment
2026-02-06,80804698,A680,3,customer_shipment
2026-02-06,80804698,A715,1,customer_shipment
2026-02-06,80804698,A716,8,customer_shipment
2026-02-06,80804698,C810,0,customer_shipment
2026-02-06,80804698,C816,17,customer_shipment
2026-02-06,80804698,C819,0,customer_shipment
2026-02-06,80804698,C937,1,customer_shipment
2026-02-06,80804698,D767,0,customer_shipment
2026-02-06,80804698,E556,0,customer_shipment
2026-02-06,80804698,E564,5,customer_shipment
2026-02-06,80804698,E569,0,customer_shipment
2026-02-06,80804699,A668,1,customer_shipment
2026-02-06,80804699,A672,4,customer_shipment
2026-02-06,80804699,A673,1,customer_shipment
2026-02-06,80804699,A680,1,customer_shipment
2026-02-06,80804699,A715,1,customer_shipment
2026-02-06,80804699,A716,1,customer_shipment
2026-02-06,80804699,C810,1,customer_shipment
2026-02-06,80804699,C816,3,customer_shipment
2026-02-06,80804699,C937,0,customer_shipment
2026-02-06,80804699,D767,0,customer_shipment
2026-02-06,80804699,E556,0,customer_shipment
2026-02-06,80804699,E564,1,customer_shipment
2026-02-06,80804699,E569,0,customer_shipment
2026-02-06,80804701,A668,13,customer_shipment
2026-02-06,80804701,A672,5,customer_shipment
2026-02-06,80804701,A673,0,customer_shipment
2026-02-06,80804701,A680,4,customer_shipment
2026-02-06,80804701,A715,6,customer_shipment
2026-02-06,80804701,A716,0,customer_shipment
2026-02-06,80804701,C810,0,customer_shipment
2026-02-06,80804701,C816,27,customer_shipment
2026-02-06,80804701,C819,0,customer_shipment
2026-02-06,80804701,C937,2,customer_shipment
2026-02-06,80804701,D767,1,customer_shipment
2026-02-06,80804701,D901,0,customer_shipment
2026-02-06,80804701,E556,0,customer_shipment
2026-02-06,80804701,E564,1,customer_shipment
2026-02-06,80804701,E568,0,customer_shipment
2026-02-06,80804701,E569,0,customer_shipment
2026-02-06,80804702,A668,2,customer_shipment
2026-02-06,80804702,A672,3,customer_shipment
2026-02-06,80804702,A673,2,customer_shipment
2026-02-06,80804702,A680,1,customer_shipment
2026-02-06,80804702,A715,0,customer_shipment
2026-02-06,80804702,A716,0,customer_shipment
2026-02-06,80804702,C810,0,customer_shipment
2026-02-06,80804702,C816,5,customer_shipment
2026-02-06,80804702,D767,0,customer_shipment
2026-02-06,80804702,E564,0,customer_shipment
2026-02-06,80804702,E569,0,customer_shipment
2026-02-06,80804703,A668,3,customer_shipment
2026-02-06,80804703,A672,2,customer_shipment
2026-02-06,80804703,A673,7,customer_shipment
2026-02-06,80804703,A680,4,customer_shipment
2026-02-06,80804703,A715,2,customer_shipment
2026-02-06,80804703,A716,0,customer_shipment
2026-02-06,80804703,C810,5,customer_shipment
2026-02-06,80804703,C816,0,customer_shipment
2026-02-06,80804703,C937,1,customer_shipment
2026-02-06,80804703,D901,1,customer_shipment
2026-02-06,80804703,E564,0,customer_shipment
2026-02-06,80804704,A668,28,customer_shipment
2026-02-06,80804704,A672,0,customer_shipment
2026-02-06,80804704,A673,109,customer_shipment
2026-02-06,80804704,A680,35,customer_shipment
2026-02-06,80804704,A715,4,customer_shipment
2026-02-06,80804704,A716,20,customer_shipment
2026-02-06,80804704,C563,6,customer_shipment
2026-02-06,80804704,C810,6,customer_shipment
2026-02-06,80804704,C816,51,customer_shipment
2026-02-06,80804704,C819,4,customer_shipment
2026-02-06,80804704,C937,3,customer_shipment
2026-02-06,80804704,D191,1,customer_shipment
2026-02-06,80804704,D767,7,customer_shipment
2026-02-06,80804704,D901,7,customer_shipment
2026-02-06,80804704,E295,10,customer_shipment
2026-02-06,80804704,E556,3,customer_shipment
2026-02-06,80804704,E564,20,customer_shipment
2026-02-06,80804704,E568,0,customer_shipment
2026-02-06,80804704,E569,4,customer_shipment
2026-02-06,80804705,A668,8,customer_shipment
2026-02-06,80804705,A672,75,customer_shipment
2026-02-06,80804705,A673,65,customer_shipment
2026-02-06,80804705,A680,18,customer_shipment
2026-02-06,80804705,A715,9,customer_shipment
2026-02-06,80804705,A716,0,customer_shipment
2026-02-06,80804705,C563,5,customer_shipment
2026-02-06,80804705,C810,6,customer_shipment
2026-02-06,80804705,C816,51,customer_shipment
2026-02-06,80804705,C819,2,customer_shipment
2026-02-06,80804705,C937,9,customer_shipment
2026-02-06,80804705,D767,4,customer_shipment
2026-02-06,80804705,D901,7,customer_shipment
2026-02-06,80804705,E467,0,customer_shipment
2026-02-06,80804705,E556,2,customer_shipment
2026-02-06,80804705,E564,7,customer_shipment
2026-02-06,80804705,E568,0,customer_shipment
2026-02-06,80804705,E569,4,customer_shipment
2026-02-06,80804706,A668,0,customer_shipment
2026-02-06,80804706,A672,4,customer_shipment
2026-02-06,80804706,A673,6,customer_shipment
2026-02-06,80804706,A680,4,customer_shipment
2026-02-06,80804706,A715,0,customer_shipment
2026-02-06,80804706,A716,4,customer_shipment
2026-02-06,80804706,C810,1,customer_shipment
2026-02-06,80804706,C816,6,customer_shipment
2026-02-06,80804706,C937,1,customer_shipment
2026-02-06,80804706,D901,6,customer_shipment
2026-02-06,80804706,E564,0,customer_shipment
2026-02-06,80805850,A668,0,customer_shipment
2026-02-06,80805850,A672,0,customer_shipment
2026-02-06,80805850,A673,1,customer_shipment
2026-02-06,80805850,A680,0,customer_shipment
2026-02-06,80805850,A715,0,customer_shipment
2026-02-06,80805850,A716,0,customer_shipment
2026-02-06,80805850,C816,1,customer_shipment
2026-02-06,80805850,E556,0,customer_shipment
2026-02-06,80805850,E564,0,customer_shipment
2026-02-06,80805852,A668,1,customer_shipment
2026-02-06,80805852,A672,0,customer_shipment
2026-02-06,80805852,A673,3,customer_shipment
2026-02-06,80805852,A680,1,customer_shipment
2026-02-06,80805852,A715,0,customer_shipment
2026-02-06,80805852,A716,1,customer_shipment
2026-02-06,80805852,C816,2,customer_shipment
2026-02-06,80805852,E556,0,customer_shipment
2026-02-06,80805852,E564,0,customer_shipment
2026-02-06,80805852,E569,0,customer_shipment
2026-02-06,80805856,A668,9,customer_shipment
2026-02-06,80805856,A672,33,customer_shipment
2026-02-06,80805856,A673,70,customer_shipment
2026-02-06,80805856,A680,1,customer_shipment
2026-02-06,80805856,A715,2,customer_shipment
2026-02-06,80805856,A716,3,customer_shipment
2026-02-06,80805856,C810,1,customer_shipment
2026-02-06,80805856,C816,5,customer_shipment
2026-02-06,80805856,C819,0,customer_shipment
2026-02-06,80805856,C937,0,customer_shipment
2026-02-06,80805856,D767,6,customer_shipment
2026-02-06,80805856,E556,0,customer_shipment
2026-02-06,80805856,E564,8,customer_shipment
2026-02-06,80805856,E568,0,customer_shipment
2026-02-06,80805856,E569,1,customer_shipment
2026-02-06,80807089,A668,9,customer_shipment
2026-02-06,80807089,A672,20,customer_shipment
2026-02-06,80807089,A673,20,customer_shipment
2026-02-06,80807089,A680,12,customer_shipment
2026-02-06,80807089,A715,5,customer_shipment
2026-02-06,80807089,A716,5,customer_shipment
2026-02-06,80807089,C810,9,customer_shipment
2026-02-06,80807089,C816,10,customer_shipment
2026-02-06,80807089,C819,0,customer_shipment
2026-02-06,80807089,C937,2,customer_shipment
2026-02-06,80807089,D767,6,customer_shipment
2026-02-06,80807089,D901,23,customer_shipment
2026-02-06,80807089,E556,0,customer_shipment
2026-02-06,80807089,E564,2,customer_shipment
2026-02-06,80807089,E569,1,customer_shipment
2026-02-06,80807090,A668,1,customer_shipment
2026-02-06,80807090,A672,3,customer_shipment
2026-02-06,80807090,A673,19,customer_shipment
2026-02-06,80807090,A680,0,customer_shipment
2026-02-06,80807090,A715,1,customer_shipment
2026-02-06,80807090,A716,0,customer_shipment
2026-02-06,80807090,C810,0,customer_shipment
2026-02-06,80807090,C816,3,customer_shipment
2026-02-06,80807090,C937,0,customer_shipment
2026-02-06,80807090,D901,0,customer_shipment
2026-02-06,80807090,E556,0,customer_shipment
2026-02-06,80807090,E564,2,customer_shipment
2026-02-06,80807091,A668,10,customer_shipment
2026-02-06,80807091,A672,30,customer_shipment
2026-02-06,80807091,A673,33,customer_shipment
2026-02-06,80807091,A680,6,customer_shipment
2026-02-06,80807091,A715,1,customer_shipment
2026-02-06,80807091,A716,1,customer_shipment
2026-02-06,80807091,C810,1,customer_shipment
2026-02-06,80807091,C816,12,customer_shipment
2026-02-06,80807091,C819,0,customer_shipment
2026-02-06,80807091,C937,4,customer_shipment
2026-02-06,80807091,D767,1,customer_shipment
2026-02-06,80807091,D901,8,customer_shipment
2026-02-06,80807091,E556,2,customer_shipment
2026-02-06,80807091,E564,3,customer_shipment
2026-02-06,80807091,E568,0,customer_shipment
2026-02-06,80807091,E569,4,customer_shipment
2026-02-06,80807092,A668,14,customer_shipment
2026-02-06,80807092,A672,29,customer_shipment
2026-02-06,80807092,A673,5,customer_shipment
2026-02-06,80807092,A680,4,customer_shipment
2026-02-06,80807092,A715,2,customer_shipment
2026-02-06,80807092,A716,0,customer_shipment
2026-02-06,80807092,C810,1,customer_shipment
2026-02-06,80807092,C816,6,customer_shipment
2026-02-06,80807092,C819,0,customer_shipment
2026-02-06,80807092,C937,1,customer_shipment
2026-02-06,80807092,D767,1,customer_shipment
2026-02-06,80807092,D901,3,customer_shipment
2026-02-06,80807092,E556,0,customer_shipment
2026-02-06,80807092,E564,2,customer_shipment
2026-02-06,80807092,E568,0,customer_shipment
2026-02-06,80807092,E569,0,customer_shipment
2026-02-06,80807093,A668,0,customer_shipment
2026-02-06,80807093,A672,3,customer_shipment
2026-02-06,80807093,A673,3,customer_shipment
2026-02-06,80807093,A680,0,customer_shipment
2026-02-06,80807093,A715,0,customer_shipment
2026-02-06,80807093,A716,1,customer_shipment
2026-02-06,80807093,C810,2,customer_shipment
2026-02-06,80807093,C816,8,customer_shipment
2026-02-06,80807093,C937,0,customer_shipment
2026-02-06,80807093,D901,0,customer_shipment
2026-02-06,80807093,E556,0,customer_shipment
2026-02-06,80807093,E564,2,customer_shipment
2026-02-06,80807095,A668,45,customer_shipment
2026-02-06,80807095,A672,50,customer_shipment
2026-02-06,80807095,A673,26,customer_shipment
2026-02-06,80807095,A680,8,customer_shipment
2026-02-06,80807095,A715,7,customer_shipment
2026-02-06,80807095,A716,4,customer_shipment
2026-02-06,80807095,C731,0,customer_shipment
2026-02-06,80807095,C810,1,customer_shipment
2026-02-06,80807095,C816,7,customer_shipment
2026-02-06,80807095,C819,4,customer_shipment
2026-02-06,80807095,C937,1,customer_shipment
2026-02-06,80807095,D352,0,customer_shipment
2026-02-06,80807095,D767,3,customer_shipment
2026-02-06,80807095,D901,30,customer_shipment
2026-02-06,80807095,E556,9,customer_shipment
2026-02-06,80807095,E564,5,customer_shipment
2026-02-06,80807095,E568,0,customer_shipment
2026-02-06,80807095,E569,4,customer_shipment
2026-02-06,80807096,A668,2,customer_shipment
2026-02-06,80807096,A672,33,customer_shipment
2026-02-06,80807096,A673,10,customer_shipment
2026-02-06,80807096,A680,0,customer_shipment
2026-02-06,80807096,A715,12,customer_shipment
2026-02-06,80807096,A716,1,customer_shipment
2026-02-06,80807096,C731,0,customer_shipment
2026-02-06,80807096,C816,5,customer_shipment
2026-02-06,80807096,C819,0,customer_shipment
2026-02-06,80807096,C937,0,customer_shipment
2026-02-06,80807096,D767,1,customer_shipment
2026-02-06,80807096,D901,11,customer_shipment
2026-02-06,80807096,E556,6,customer_shipment
2026-02-06,80807096,E564,0,customer_shipment
2026-02-06,80807096,E569,1,customer_shipment
2026-02-06,80807097,A668,2,customer_shipment
2026-02-06,80807097,A672,20,customer_shipment
2026-02-06,80807097,A673,5,customer_shipment
2026-02-06,80807097,A680,0,customer_shipment
2026-02-06,80807097,A715,1,customer_shipment
2026-02-06,80807097,A716,0,customer_shipment
2026-02-06,80807097,C810,0,customer_shipment
2026-02-06,80807097,C816,2,customer_shipment
2026-02-06,80807097,C819,0,customer_shipment
2026-02-06,80807097,C937,1,customer_shipment
2026-02-06,80807097,D767,1,customer_shipment
2026-02-06,80807097,D901,12,customer_shipment
2026-02-06,80807097,E556,2,customer_shipment
2026-02-06,80807097,E564,1,customer_shipment
2026-02-06,80807097,E569,0,customer_shipment
2026-02-06,80807100,A668,2,customer_shipment
2026-02-06,80807100,A672,13,customer_shipment
2026-02-06,80807100,A673,5,customer_shipment
2026-02-06,80807100,A680,0,customer_shipment
2026-02-06,80807100,A715,17,customer_shipment
2026-02-06,80807100,A716,1,customer_shipment
2026-02-06,80807100,C731,0,customer_shipment
2026-02-06,80807100,C810,2,customer_shipment
2026-02-06,80807100,C816,15,customer_shipment
2026-02-06,80807100,C819,0,customer_shipment
2026-02-06,80807100,C937,0,customer_shipment
2026-02-06,80807100,D352,0,customer_shipment
2026-02-06,80807100,D767,5,customer_shipment
2026-02-06,80807100,D901,6,customer_shipment
2026-02-06,80807100,E556,5,customer_shipment
2026-02-06,80807100,E564,7,customer_shipment
2026-02-06,80807100,E569,0,customer_shipment
2026-02-06,80807102,A668,9,customer_shipment
2026-02-06,80807102,A672,28,customer_shipment
2026-02-06,80807102,A673,24,customer_shipment
2026-02-06,80807102,A680,8,customer_shipment
2026-02-06,80807102,A715,4,customer_shipment
2026-02-06,80807102,A716,7,customer_shipment
2026-02-06,80807102,C731,0,customer_shipment
2026-02-06,80807102,C810,3,customer_shipment
2026-02-06,80807102,C816,7,customer_shipment
2026-02-06,80807102,C819,0,customer_shipment
2026-02-06,80807102,C937,2,customer_shipment
2026-02-06,80807102,D767,0,customer_shipment
2026-02-06,80807102,D901,21,customer_shipment
2026-02-06,80807102,E556,2,customer_shipment
2026-02-06,80807102,E564,12,customer_shipment
2026-02-06,80807102,E568,0,customer_shipment
2026-02-06,80807102,E569,4,customer_shipment
2026-02-06,80807105,A668,8,customer_shipment
2026-02-06,80807105,A672,14,customer_shipment
2026-02-06,80807105,A673,52,customer_shipment
2026-02-06,80807105,A680,7,customer_shipment
2026-02-06,80807105,A715,2,customer_shipment
2026-02-06,80807105,A716,8,customer_shipment
2026-02-06,80807105,C731,0,customer_shipment
2026-02-06,80807105,C810,6,customer_shipment
2026-02-06,80807105,C816,27,customer_shipment
2026-02-06,80807105,C819,3,customer_shipment
2026-02-06,80807105,C937,0,customer_shipment
2026-02-06,80807105,D191,2,customer_shipment
2026-02-06,80807105,D767,7,customer_shipment
2026-02-06,80807105,D901,12,customer_shipment
2026-02-06,80807105,E467,4,customer_shipment
2026-02-06,80807105,E556,1,customer_shipment
2026-02-06,80807105,E564,18,customer_shipment
2026-02-06,80807105,E568,0,customer_shipment
2026-02-06,80807105,E569,1,customer_shipment
2026-02-06,80807110,A668,16,customer_shipment
2026-02-06,80807110,A672,99,customer_shipment
2026-02-06,80807110,A673,18,customer_shipment
2026-02-06,80807110,A680,11,customer_shipment
2026-02-06,80807110,A715,21,customer_shipment
2026-02-06,80807110,A716,4,customer_shipment
2026-02-06,80807110,C731,0,customer_shipment
2026-02-06,80807110,C810,0,customer_shipment
2026-02-06,80807110,C816,12,customer_shipment
2026-02-06,80807110,C819,10,customer_shipment
2026-02-06,80807110,C937,0,customer_shipment
2026-02-06,80807110,D352,0,customer_shipment
2026-02-06,80807110,D767,1,customer_shipment
2026-02-06,80807110,D901,27,customer_shipment
2026-02-06,80807110,E556,8,customer_shipment
2026-02-06,80807110,E564,11,customer_shipment
2026-02-06,80807110,E568,1,customer_shipment
2026-02-06,80807110,E569,7,customer_shipment
2026-02-06,80807112,A668,19,customer_shipment
2026-02-06,80807112,A672,28,customer_shipment
2026-02-06,80807112,A673,4,customer_shipment
2026-02-06,80807112,A680,4,customer_shipment
2026-02-06,80807112,A715,9,customer_shipment
2026-02-06,80807112,A716,1,customer_shipment
2026-02-06,80807112,C731,0,customer_shipment
2026-02-06,80807112,C810,1,customer_shipment
2026-02-06,80807112,C816,11,customer_shipment
2026-02-06,80807112,C819,2,customer_shipment
2026-02-06,80807112,C937,0,customer_shipment
2026-02-06,80807112,D767,2,customer_shipment
2026-02-06,80807112,D901,26,customer_shipment
2026-02-06,80807112,E556,3,customer_shipment
2026-02-06,80807112,E564,6,customer_shipment
2026-02-06,80807112,E568,0,customer_shipment
2026-02-06,80807112,E569,1,customer_shipment
2026-02-06,80807113,A668,10,customer_shipment
2026-02-06,80807113,A672,34,customer_shipment
2026-02-06,80807113,A673,22,customer_shipment
2026-02-06,80807113,A680,6,customer_shipment
2026-02-06,80807113,A715,3,customer_shipment
2026-02-06,80807113,A716,3,customer_shipment
2026-02-06,80807113,C731,0,customer_shipment
2026-02-06,80807113,C810,1,customer_shipment
2026-02-06,80807113,C816,15,customer_shipment
2026-02-06,80807113,C819,0,customer_shipment
2026-02-06,80807113,C937,2,customer_shipment
2026-02-06,80807113,D767,2,customer_shipment
2026-02-06,80807113,D901,15,customer_shipment
2026-02-06,80807113,E556,1,customer_shipment
2026-02-06,80807113,E564,17,customer_shipment
2026-02-06,80807113,E568,0,customer_shipment
2026-02-06,80807113,E569,2,customer_shipment
2026-02-06,80807114,A668,2,customer_shipment
2026-02-06,80807114,A672,8,customer_shipment
2026-02-06,80807114,A673,5,customer_shipment
2026-02-06,80807114,A680,0,customer_shipment
2026-02-06,80807114,A715,1,customer_shipment
2026-02-06,80807114,A716,0,customer_shipment
2026-02-06,80807114,C810,1,customer_shipment
2026-02-06,80807114,C816,2,customer_shipment
2026-02-06,80807114,C819,0,customer_shipment
2026-02-06,80807114,D767,2,customer_shipment
2026-02-06,80807114,D901,0,customer_shipment
2026-02-06,80807114,E564,0,customer_shipment
2026-02-06,80807114,E569,0,customer_shipment
2026-02-06,80807115,A668,22,customer_shipment
2026-02-06,80807115,A672,102,customer_shipment
2026-02-06,80807115,A673,38,customer_shipment
2026-02-06,80807115,A680,12,customer_shipment
2026-02-06,80807115,A715,3,customer_shipment
2026-02-06,80807115,A716,14,customer_shipment
2026-02-06,80807115,C731,0,customer_shipment
2026-02-06,80807115,C810,9,customer_shipment
2026-02-06,80807115,C816,30,customer_shipment
2026-02-06,80807115,C819,4,customer_shipment
2026-02-06,80807115,C937,8,customer_shipment
2026-02-06,80807115,D191,0,customer_shipment
2026-02-06,80807115,D767,0,customer_shipment
2026-02-06,80807115,D901,5,customer_shipment
2026-02-06,80807115,E556,8,customer_shipment
2026-02-06,80807115,E564,18,customer_shipment
2026-02-06,80807115,E568,0,customer_shipment
2026-02-06,80807115,E569,8,customer_shipment
2026-02-06,80807116,A668,20,customer_shipment
2026-02-06,80807116,A672,96,customer_shipment
2026-02-06,80807116,A673,36,customer_shipment
2026-02-06,80807116,A680,32,customer_shipment
2026-02-06,80807116,A715,3,customer_shipment
2026-02-06,80807116,A716,5,customer_shipment
2026-02-06,80807116,C563,2,customer_shipment
2026-02-06,80807116,C731,0,customer_shipment
2026-02-06,80807116,C810,7,customer_shipment
2026-02-06,80807116,C816,24,customer_shipment
2026-02-06,80807116,C819,1,customer_shipment
2026-02-06,80807116,C937,6,customer_shipment
2026-02-06,80807116,D191,5,customer_shipment
2026-02-06,80807116,D767,8,customer_shipment
2026-02-06,80807116,D901,26,customer_shipment
2026-02-06,80807116,E556,14,customer_shipment
2026-02-06,80807116,E564,0,customer_shipment
2026-02-06,80807116,E568,1,customer_shipment
2026-02-06,80807116,E569,5,customer_shipment
2026-02-06,80807117,A668,0,customer_shipment
2026-02-06,80807117,A672,0,customer_shipment
2026-02-06,80807117,A673,4,customer_shipment
2026-02-06,80807117,A680,2,customer_shipment
2026-02-06,80807117,A715,3,customer_shipment
2026-02-06,80807117,A716,0,customer_shipment
2026-02-06,80807117,C810,0,customer_shipment
2026-02-06,80807117,C816,0,customer_shipment
2026-02-06,80807118,A668,15,customer_shipment
2026-02-06,80807118,A672,32,customer_shipment
2026-02-06,80807118,A673,34,customer_shipment
2026-02-06,80807118,A680,2,customer_shipment
2026-02-06,80807118,A715,8,customer_shipment
2026-02-06,80807118,A716,3,customer_shipment
2026-02-06,80807118,C731,0,customer_shipment
2026-02-06,80807118,C810,0,customer_shipment
2026-02-06,80807118,C816,8,customer_shipment
2026-02-06,80807118,C819,2,customer_shipment
2026-02-06,80807118,C937,1,customer_shipment
2026-02-06,80807118,D352,0,customer_shipment
2026-02-06,80807118,D767,2,customer_shipment
2026-02-06,80807118,D901,23,customer_shipment
2026-02-06,80807118,E556,15,customer_shipment
2026-02-06,80807118,E564,6,customer_shipment
2026-02-06,80807118,E568,0,customer_shipment
2026-02-06,80807118,E569,1,customer_shipment
2026-02-06,80807119,A668,2,customer_shipment
2026-02-06,80807119,A672,26,customer_shipment
2026-02-06,80807119,A673,6,customer_shipment
2026-02-06,80807119,A680,0,customer_shipment
2026-02-06,80807119,A715,11,customer_shipment
2026-02-06,80807119,A716,0,customer_shipment
2026-02-06,80807119,C810,1,customer_shipment
2026-02-06,80807119,C816,2,customer_shipment
2026-02-06,80807119,C819,1,customer_shipment
2026-02-06,80807119,C937,0,customer_shipment
2026-02-06,80807119,D767,1,customer_shipment
2026-02-06,80807119,D901,0,customer_shipment
2026-02-06,80807119,E556,5,customer_shipment
2026-02-06,80807119,E564,3,customer_shipment
2026-02-06,80807119,E568,0,customer_shipment
2026-02-06,80807119,E569,1,customer_shipment
2026-02-06,80807120,A668,25,customer_shipment
2026-02-06,80807120,A672,14,customer_shipment
2026-02-06,80807120,A673,15,customer_shipment
2026-02-06,80807120,A680,1,customer_shipment
2026-02-06,80807120,A715,1,customer_shipment
2026-02-06,80807120,A716,2,customer_shipment
2026-02-06,80807120,C563,3,customer_shipment
2026-02-06,80807120,C810,1,customer_shipment
2026-02-06,80807120,C816,2,customer_shipment
2026-02-06,80807120,C819,2,customer_shipment
2026-02-06,80807120,C937,3,customer_shipment
2026-02-06,80807120,D767,4,customer_shipment
2026-02-06,80807120,D901,9,customer_shipment
2026-02-06,80807120,E556,1,customer_shipment
2026-02-06,80807120,E564,0,customer_shipment
2026-02-06,80807120,E569,4,customer_shipment
2026-02-06,80807122,A668,1,customer_shipment
2026-02-06,80807122,A672,5,customer_shipment
2026-02-06,80807122,A673,11,customer_shipment
2026-02-06,80807122,A680,0,customer_shipment
2026-02-06,80807122,A715,4,customer_shipment
2026-02-06,80807122,A716,0,customer_shipment
2026-02-06,80807122,C810,0,customer_shipment
2026-02-06,80807122,C816,1,customer_shipment
2026-02-06,80807122,C819,0,customer_shipment
2026-02-06,80807122,C937,0,customer_shipment
2026-02-06,80807122,E564,0,customer_shipment
2026-02-06,80807122,E569,0,customer_shipment
2026-02-06,80812099,A668,1,customer_shipment
2026-02-06,80812099,A672,2,customer_shipment
2026-02-06,80812099,A673,4,customer_shipment
2026-02-06,80812099,A680,5,customer_shipment
2026-02-06,80812099,A715,0,customer_shipment
2026-02-06,80812099,A716,1,customer_shipment
2026-02-06,80812099,C816,3,customer_shipment
2026-02-06,80812099,C937,0,customer_shipment
2026-02-06,80812099,E556,1,customer_shipment
2026-02-06,80812099,E564,0,customer_shipment
2026-02-06,80812099,E569,1,customer_shipment
2026-02-06,80812103,A668,3,customer_shipment
2026-02-06,80812103,A672,2,customer_shipment
2026-02-06,80812103,A673,9,customer_shipment
2026-02-06,80812103,A680,5,customer_shipment
2026-02-06,80812103,A715,1,customer_shipment
2026-02-06,80812103,A716,3,customer_shipment
2026-02-06,80812103,C816,8,customer_shipment
2026-02-06,80812103,C937,0,customer_shipment
2026-02-06,80812103,E556,0,customer_shipment
2026-02-06,80812103,E564,1,customer_shipment
2026-02-06,80812103,E569,2,customer_shipment
2026-02-06,80812110,A668,1,customer_shipment
2026-02-06,80812110,A672,3,customer_shipment
2026-02-06,80812110,A673,9,customer_shipment
2026-02-06,80812110,A680,1,customer_shipment
2026-02-06,80812110,A715,0,customer_shipment
2026-02-06,80812110,A716,2,customer_shipment
2026-02-06,80812110,C816,5,customer_shipment
2026-02-06,80812110,C937,0,customer_shipment
2026-02-06,80812110,E556,0,customer_shipment
2026-02-06,80812110,E564,1,customer_shipment
2026-02-06,80812110,E569,1,customer_shipment
2026-02-06,80812154,A668,0,customer_shipment
2026-02-06,80812154,A672,15,customer_shipment
2026-02-06,80812154,A673,5,customer_shipment
2026-02-06,80812154,A680,0,customer_shipment
2026-02-06,80812154,A715,2,customer_shipment
2026-02-06,80812154,A716,0,customer_shipment
2026-02-06,80812154,C816,0,customer_shipment
2026-02-06,80812154,C819,0,customer_shipment
2026-02-06,80812154,D767,1,customer_shipment
2026-02-06,80812154,E556,5,customer_shipment
2026-02-06,80812154,E568,0,customer_shipment
2026-02-06,80812154,E569,0,customer_shipment
2026-02-06,80812338,A668,0,customer_shipment
2026-02-06,80812338,A672,0,customer_shipment
2026-02-06,80812338,A673,1,customer_shipment
2026-02-06,80812338,A680,1,customer_shipment
2026-02-06,80812338,A715,0,customer_shipment
2026-02-06,80812338,C816,1,customer_shipment
2026-02-06,80812338,C937,0,customer_shipment
2026-02-06,80812338,E556,0,customer_shipment
2026-02-06,80812338,E564,0,customer_shipment
2026-02-06,80812338,E569,0,customer_shipment
2026-02-06,80812839,A668,5,customer_shipment
2026-02-06,80812839,A672,13,customer_shipment
2026-02-06,80812839,A673,18,customer_shipment
2026-02-06,80812839,A680,4,customer_shipment
2026-02-06,80812839,A715,3,customer_shipment
2026-02-06,80812839,A716,0,customer_shipment
2026-02-06,80812839,C810,1,customer_shipment
2026-02-06,80812839,C816,2,customer_shipment
2026-02-06,80812839,C819,1,customer_shipment
2026-02-06,80812839,C937,1,customer_shipment
2026-02-06,80812839,D767,1,customer_shipment
2026-02-06,80812839,E556,0,customer_shipment
2026-02-06,80812839,E564,3,customer_shipment
2026-02-06,80812839,E569,3,customer_shipment
2026-02-06,80812840,A668,10,customer_shipment
2026-02-06,80812840,A672,37,customer_shipment
2026-02-06,80812840,A673,17,customer_shipment
2026-02-06,80812840,A680,3,customer_shipment
2026-02-06,80812840,A715,4,customer_shipment
2026-02-06,80812840,A716,3,customer_shipment
2026-02-06,80812840,C810,2,customer_shipment
2026-02-06,80812840,C816,11,customer_shipment
2026-02-06,80812840,C819,0,customer_shipment
2026-02-06,80812840,C937,0,customer_shipment
2026-02-06,80812840,D767,9,customer_shipment
2026-02-06,80812840,E556,6,customer_shipment
2026-02-06,80812840,E564,2,customer_shipment
2026-02-06,80812840,E568,0,customer_shipment
2026-02-06,80812840,E569,0,customer_shipment
2026-02-06,80812841,A668,20,customer_shipment
2026-02-06,80812841,A672,39,customer_shipment
2026-02-06,80812841,A673,129,customer_shipment
2026-02-06,80812841,A680,26,customer_shipment
2026-02-06,80812841,A715,24,customer_shipment
2026-02-06,80812841,A716,11,customer_shipment
2026-02-06,80812841,C810,0,customer_shipment
2026-02-06,80812841,C816,36,customer_shipment
2026-02-06,80812841,C819,4,customer_shipment
2026-02-06,80812841,C937,4,customer_shipment
2026-02-06,80812841,D767,7,customer_shipment
2026-02-06,80812841,E556,4,customer_shipment
2026-02-06,80812841,E564,5,customer_shipment
2026-02-06,80812841,E568,2,customer_shipment
2026-02-06,80812841,E569,2,customer_shipment
2026-02-06,80812845,A668,22,customer_shipment
2026-02-06,80812845,A672,72,customer_shipment
2026-02-06,80812845,A673,72,customer_shipment
2026-02-06,80812845,A680,15,customer_shipment
2026-02-06,80812845,A715,7,customer_shipment
2026-02-06,80812845,A716,12,customer_shipment
2026-02-06,80812845,C563,5,customer_shipment
2026-02-06,80812845,C731,0,customer_shipment
2026-02-06,80812845,C810,22,customer_shipment
2026-02-06,80812845,C816,20,customer_shipment
2026-02-06,80812845,C819,9,customer_shipment
2026-02-06,80812845,C937,5,customer_shipment
2026-02-06,80812845,D191,1,customer_shipment
2026-02-06,80812845,D352,0,customer_shipment
2026-02-06,80812845,D767,14,customer_shipment
2026-02-06,80812845,D901,24,customer_shipment
2026-02-06,80812845,E295,6,customer_shipment
2026-02-06,80812845,E467,0,customer_shipment
2026-02-06,80812845,E556,0,customer_shipment
2026-02-06,80812845,E564,7,customer_shipment
2026-02-06,80812845,E568,0,customer_shipment
2026-02-06,80812845,E569,0,customer_shipment
2026-02-06,80812846,A668,0,customer_shipment
2026-02-06,80812846,A672,87,customer_shipment
2026-02-06,80812846,A673,20,customer_shipment
2026-02-06,80812846,A680,3,customer_shipment
2026-02-06,80812846,A715,16,customer_shipment
2026-02-06,80812846,A716,4,customer_shipment
2026-02-06,80812846,C731,0,customer_shipment
2026-02-06,80812846,C810,1,customer_shipment
2026-02-06,80812846,C816,9,customer_shipment
2026-02-06,80812846,C819,0,customer_shipment
2026-02-06,80812846,C937,2,customer_shipment
2026-02-06,80812846,D767,4,customer_shipment
2026-02-06,80812846,D901,13,customer_shipment
2026-02-06,80812846,E556,7,customer_shipment
2026-02-06,80812846,E564,4,customer_shipment
2026-02-06,80812846,E568,4,customer_shipment
2026-02-06,80812846,E569,1,customer_shipment
2026-02-06,80823707,A668,0,customer_shipment
2026-02-06,80823707,A672,0,customer_shipment
2026-02-06,80823707,A673,0,customer_shipment
2026-02-06,80823707,A680,0,customer_shipment
2026-02-06,80823707,A715,0,customer_shipment
2026-02-06,80823707,A716,0,customer_shipment
2026-02-06,80823707,C816,0,customer_shipment
2026-02-06,80831843,A672,0,customer_shipment
2026-02-06,80831843,A673,0,customer_shipment
2026-02-06,80831843,C816,0,customer_shipment
2026-02-06,80838161,A673,0,customer_shipment
2026-02-06,80838162,A672,2,customer_shipment
2026-02-06,80838162,A673,1,customer_shipment
2026-02-06,80838162,A680,2,customer_shipment
2026-02-06,80838162,A716,0,customer_shipment
2026-02-06,80838162,C816,0,customer_shipment
2026-02-06,80838162,E564,1,customer_shipment
2026-02-06,80838163,A673,0,customer_shipment
2026-02-06,80838164,A672,3,customer_shipment
2026-02-06,80838164,A673,2,customer_shipment
2026-02-06,80838164,A680,1,customer_shipment
2026-02-06,80838164,A716,0,customer_shipment
2026-02-06,80838164,C816,3,customer_shipment
2026-02-06,80838164,C937,0,customer_shipment
2026-02-06,80838164,E564,3,customer_shipment
2026-02-06,80838164,E569,0,customer_shipment
2026-02-06,80838165,A672,3,customer_shipment
2026-02-06,80838165,A673,10,customer_shipment
2026-02-06,80838165,A680,9,customer_shipment
2026-02-06,80838165,A716,0,customer_shipment
2026-02-06,80838165,C816,5,customer_shipment
2026-02-06,80838165,C937,0,customer_shipment
2026-02-06,80838165,E564,3,customer_shipment
2026-02-06,80838165,E569,0,customer_shipment
2026-02-06,80839736,A672,0,customer_shipment
2026-02-06,80839736,A715,0,customer_shipment
2026-02-06,80839736,E556,0,customer_shipment
2026-02-06,80840975,A668,0,customer_shipment
2026-02-06,80840975,A672,13,customer_shipment
2026-02-06,80840975,A673,5,customer_shipment
2026-02-06,80840975,A680,1,customer_shipment
2026-02-06,80840975,A715,2,customer_shipment
2026-02-06,80840975,A716,1,customer_shipment
2026-02-06,80840975,C816,12,customer_shipment
2026-02-06,80840975,C819,1,customer_shipment
2026-02-06,80840975,C937,0,customer_shipment
2026-02-06,80840975,D767,1,customer_shipment
2026-02-06,80840975,E556,0,customer_shipment
2026-02-06,80840975,E564,2,customer_shipment
2026-02-06,80840975,E568,0,customer_shipment
2026-02-06,80840975,E569,1,customer_shipment
2026-02-06,80840976,A668,1,customer_shipment
2026-02-06,80840976,A672,10,customer_shipment
2026-02-06,80840976,A673,4,customer_shipment
2026-02-06,80840976,A680,5,customer_shipment
2026-02-06,80840976,A715,2,customer_shipment
2026-02-06,80840976,A716,4,customer_shipment
2026-02-06,80840976,C816,15,customer_shipment
2026-02-06,80840976,C819,1,customer_shipment
2026-02-06,80840976,C937,0,customer_shipment
2026-02-06,80840976,D767,1,customer_shipment
2026-02-06,80840976,D901,3,customer_shipment
2026-02-06,80840976,E556,1,customer_shipment
2026-02-06,80840976,E568,0,customer_shipment
2026-02-06,80840976,E569,1,customer_shipment
2026-02-06,80847595,A673,0,customer_shipment
2026-02-06,80848021,A668,0,customer_shipment
2026-02-06,80848021,A672,12,customer_shipment
2026-02-06,80848021,A673,6,customer_shipment
2026-02-06,80848021,A680,1,customer_shipment
2026-02-06,80848021,A715,0,customer_shipment
2026-02-06,80848021,A716,2,customer_shipment
2026-02-06,80848021,C810,0,customer_shipment
2026-02-06,80848021,C816,2,customer_shipment
2026-02-06,80848021,C819,1,customer_shipment
2026-02-06,80848021,C937,0,customer_shipment
2026-02-06,80848021,D767,0,customer_shipment
2026-02-06,80848021,D901,10,customer_shipment
2026-02-06,80848022,A668,17,customer_shipment
2026-02-06,80848022,A672,14,customer_shipment
2026-02-06,80848022,A673,53,customer_shipment
2026-02-06,80848022,A680,35,customer_shipment
2026-02-06,80848022,A715,12,customer_shipment
2026-02-06,80848022,A716,6,customer_shipment
2026-02-06,80848022,C731,0,customer_shipment
2026-02-06,80848022,C810,6,customer_shipment
2026-02-06,80848022,C816,11,customer_shipment
2026-02-06,80848022,C937,1,customer_shipment
2026-02-06,80848022,D767,3,customer_shipment
2026-02-06,80848022,D901,5,customer_shipment
2026-02-06,80848022,E467,0,customer_shipment
2026-02-06,80848022,E556,2,customer_shipment
2026-02-06,80848022,E568,0,customer_shipment
2026-02-06,80848022,E569,3,customer_shipment
2026-02-06,80848023,A668,79,customer_shipment
2026-02-06,80848023,A672,35,customer_shipment
2026-02-06,80848023,A673,34,customer_shipment
2026-02-06,80848023,A680,29,customer_shipment
2026-02-06,80848023,A715,18,customer_shipment
2026-02-06,80848023,A716,6,customer_shipment
2026-02-06,80848023,C810,0,customer_shipment
2026-02-06,80848023,C816,60,customer_shipment
2026-02-06,80848023,C819,5,customer_shipment
2026-02-06,80848023,C937,8,customer_shipment
2026-02-06,80848023,D767,11,customer_shipment
2026-02-06,80848023,D901,29,customer_shipment
2026-02-06,80848023,E556,0,customer_shipment
2026-02-06,80848023,E568,0,customer_shipment
2026-02-06,80848023,E569,0,customer_shipment
2026-02-06,80848024,A668,3,customer_shipment
2026-02-06,80848024,A672,2,customer_shipment
2026-02-06,80848024,A673,9,customer_shipment
2026-02-06,80848024,A680,1,customer_shipment
2026-02-06,80848024,A715,0,customer_shipment
2026-02-06,80848024,A716,0,customer_shipment
2026-02-06,80848024,C816,5,customer_shipment
2026-02-06,80848024,C819,1,customer_shipment
2026-02-06,80848024,C937,0,customer_shipment
2026-02-06,80848025,A668,1,customer_shipment
2026-02-06,80848025,A672,21,customer_shipment
2026-02-06,80848025,A673,26,customer_shipment
2026-02-06,80848025,A680,2,customer_shipment
2026-02-06,80848025,A715,1,customer_shipment
2026-02-06,80848025,A716,1,customer_shipment
2026-02-06,80848025,C810,1,customer_shipment
2026-02-06,80848025,C816,25,customer_shipment
2026-02-06,80848025,C937,2,customer_shipment
2026-02-06,80848025,D767,0,customer_shipment
2026-02-06,80848025,D901,0,customer_shipment
2026-02-06,80848025,E467,1,customer_shipment
2026-02-06,80848025,E556,1,customer_shipment
2026-02-06,80848025,E568,1,customer_shipment
2026-02-06,80848025,E569,0,customer_shipment
2026-02-06,80848026,A668,1,customer_shipment
2026-02-06,80848026,A672,64,customer_shipment
2026-02-06,80848026,A673,191,customer_shipment
2026-02-06,80848026,A680,75,customer_shipment
2026-02-06,80848026,A715,21,customer_shipment
2026-02-06,80848026,A716,13,customer_shipment
2026-02-06,80848026,C563,5,customer_shipment
2026-02-06,80848026,C731,0,customer_shipment
2026-02-06,80848026,C810,53,customer_shipment
2026-02-06,80848026,C816,59,customer_shipment
2026-02-06,80848026,C819,8,customer_shipment
2026-02-06,80848026,C937,23,customer_shipment
2026-02-06,80848026,D191,0,customer_shipment
2026-02-06,80848026,D767,16,customer_shipment
2026-02-06,80848026,D901,28,customer_shipment
2026-02-06,80848026,E295,6,customer_shipment
2026-02-06,80848026,E467,2,customer_shipment
2026-02-06,80848026,E556,0,customer_shipment
2026-02-06,80848026,E568,0,customer_shipment
2026-02-06,80848026,E569,14,customer_shipment
2026-02-06,80848027,A668,0,customer_shipment
2026-02-06,80848027,A672,1,customer_shipment
2026-02-06,80848027,A673,1,customer_shipment
2026-02-06,80848027,A680,1,customer_shipment
2026-02-06,80848027,A715,2,customer_shipment
2026-02-06,80848027,A716,0,customer_shipment
2026-02-06,80848027,C816,1,customer_shipment
2026-02-06,80848027,C937,0,customer_shipment
2026-02-06,80848027,D901,2,customer_shipment
2026-02-06,80848027,E564,0,customer_shipment
2026-02-06,80848028,A668,20,customer_shipment
2026-02-06,80848028,A672,67,customer_shipment
2026-02-06,80848028,A673,91,customer_shipment
2026-02-06,80848028,A680,8,customer_shipment
2026-02-06,80848028,A715,8,customer_shipment
2026-02-06,80848028,A716,4,customer_shipment
2026-02-06,80848028,C731,0,customer_shipment
2026-02-06,80848028,C810,3,customer_shipment
2026-02-06,80848028,C816,13,customer_shipment
2026-02-06,80848028,C937,5,customer_shipment
2026-02-06,80848028,D767,3,customer_shipment
2026-02-06,80848028,D901,24,customer_shipment
2026-02-06,80848028,E467,0,customer_shipment
2026-02-06,80848028,E556,1,customer_shipment
2026-02-06,80848028,E568,1,customer_shipment
2026-02-06,80848028,E569,1,customer_shipment
2026-02-06,80848029,A668,9,customer_shipment
2026-02-06,80848029,A672,72,customer_shipment
2026-02-06,80848029,A673,31,customer_shipment
2026-02-06,80848029,A680,4,customer_shipment
2026-02-06,80848029,A715,15,customer_shipment
2026-02-06,80848029,A716,3,customer_shipment
2026-02-06,80848029,C810,1,customer_shipment
2026-02-06,80848029,C816,14,customer_shipment
2026-02-06,80848029,C819,2,customer_shipment
2026-02-06,80848029,C937,0,customer_shipment
2026-02-06,80848029,D191,2,customer_shipment
2026-02-06,80848029,D767,3,customer_shipment
2026-02-06,80848029,D901,0,customer_shipment
2026-02-06,80848029,E295,0,customer_shipment
2026-02-06,80848029,E467,0,customer_shipment
2026-02-06,80848029,E556,1,customer_shipment
2026-02-06,80848029,E568,0,customer_shipment
2026-02-06,80848029,E569,1,customer_shipment
2026-02-06,80848031,A668,0,customer_shipment
2026-02-06,80848031,A672,1,customer_shipment
2026-02-06,80848031,A673,7,customer_shipment
2026-02-06,80848031,A680,1,customer_shipment
2026-02-06,80848031,A715,3,customer_shipment
2026-02-06,80848031,A716,1,customer_shipment
2026-02-06,80848031,C810,0,customer_shipment
2026-02-06,80848031,C816,3,customer_shipment
2026-02-06,80848031,C937,1,customer_shipment
2026-02-06,80848031,D901,1,customer_shipment
2026-02-06,80848031,E556,0,customer_shipment
2026-02-06,80848031,E564,0,customer_shipment
2026-02-06,80848031,E569,1,customer_shipment
2026-02-06,80851898,A668,0,customer_shipment
2026-02-06,80851898,A672,13,customer_shipment
2026-02-06,80851898,A673,5,customer_shipment
2026-02-06,80851898,A680,2,customer_shipment
2026-02-06,80851898,A715,1,customer_shipment
2026-02-06,80851898,A716,0,customer_shipment
2026-02-06,80851898,C816,7,customer_shipment
2026-02-06,80851898,C819,1,customer_shipment
2026-02-06,80851898,C937,0,customer_shipment
2026-02-06,80851898,D767,1,customer_shipment
2026-02-06,80851898,E556,0,customer_shipment
2026-02-06,80851898,E568,0,customer_shipment
2026-02-06,80851898,E569,0,customer_shipment
2026-02-06,80852695,A668,0,customer_shipment
2026-02-06,80852695,A672,0,customer_shipment
2026-02-06,80852695,A673,0,customer_shipment
2026-02-06,80852695,A680,0,customer_shipment
2026-02-06,80852695,A715,0,customer_shipment
2026-02-06,80852695,A716,0,customer_shipment
2026-02-06,80852695,C816,0,customer_shipment
2026-02-06,80854083,A668,0,customer_shipment
2026-02-06,80854083,A672,0,customer_shipment
2026-02-06,80854083,A673,0,customer_shipment
2026-02-06,80854083,A680,0,customer_shipment
2026-02-06,80854083,A715,0,customer_shipment
2026-02-06,80854083,A716,0,customer_shipment
2026-02-06,80854083,C816,0,customer_shipment
2026-02-06,80857738,A668,0,customer_shipment
2026-02-06,80857738,A672,0,customer_shipment
2026-02-06,80857738,A673,2,customer_shipment
2026-02-06,80857738,A680,0,customer_shipment
2026-02-06,80857738,A715,0,customer_shipment
2026-02-06,80857738,A716,0,customer_shipment
2026-02-06,80857738,C816,0,customer_shipment
2026-02-06,80863643,A668,9,customer_shipment
2026-02-06,80863643,A672,0,customer_shipment
2026-02-06,80863643,A673,3,customer_shipment
2026-02-06,80863643,A680,10,customer_shipment
2026-02-06,80863643,A715,0,customer_shipment
2026-02-06,80863643,A716,0,customer_shipment
2026-02-06,80863643,C810,1,customer_shipment
2026-02-06,80863643,C816,5,customer_shipment
2026-02-06,80863643,E295,48,customer_shipment
2026-02-06,80863645,A668,4,customer_shipment
2026-02-06,80863645,A672,0,customer_shipment
2026-02-06,80863645,A673,11,customer_shipment
2026-02-06,80863645,A680,0,customer_shipment
2026-02-06,80863645,A715,0,customer_shipment
2026-02-06,80863645,A716,0,customer_shipment
2026-02-06,80863645,C816,0,customer_shipment
2026-02-06,80863645,C937,0,customer_shipment
2026-02-06,80863646,A668,0,customer_shipment
2026-02-06,80863646,A672,2,customer_shipment
2026-02-06,80863646,A673,1,customer_shipment
2026-02-06,80863646,A680,2,customer_shipment
2026-02-06,80863646,A715,0,customer_shipment
2026-02-06,80863646,A716,0,customer_shipment
2026-02-06,80863646,C816,3,customer_shipment
2026-02-06,80863646,C937,0,customer_shipment
2026-02-06,80864469,A668,5,customer_shipment
2026-02-06,80864469,A672,17,customer_shipment
2026-02-06,80864469,A673,10,customer_shipment
2026-02-06,80864469,A680,5,customer_shipment
2026-02-06,80864469,A715,5,customer_shipment
2026-02-06,80864469,A716,3,customer_shipment
2026-02-06,80864469,C810,2,customer_shipment
2026-02-06,80864469,C816,2,customer_shipment
2026-02-06,80864469,C819,0,customer_shipment
2026-02-06,80864469,C937,0,customer_shipment
2026-02-06,80864469,D767,2,customer_shipment
2026-02-06,80864469,E467,2,customer_shipment
2026-02-06,80864469,E556,2,customer_shipment
2026-02-06,80864469,E568,0,customer_shipment
2026-02-06,80864469,E569,1,customer_shipment
2026-02-06,80864470,A668,6,customer_shipment
2026-02-06,80864470,A672,12,customer_shipment
2026-02-06,80864470,A673,50,customer_shipment
2026-02-06,80864470,A680,8,customer_shipment
2026-02-06,80864470,A715,2,customer_shipment
2026-02-06,80864470,A716,2,customer_shipment
2026-02-06,80864470,C810,6,customer_shipment
2026-02-06,80864470,C816,11,customer_shipment
2026-02-06,80864470,C819,0,customer_shipment
2026-02-06,80864470,C937,1,customer_shipment
2026-02-06,80864470,D767,0,customer_shipment
2026-02-06,80864470,E467,3,customer_shipment
2026-02-06,80864470,E556,1,customer_shipment
2026-02-06,80864470,E568,0,customer_shipment
2026-02-06,80864470,E569,1,customer_shipment
2026-02-06,80865910,A672,1,customer_shipment
2026-02-06,80865910,A673,3,customer_shipment
2026-02-06,80865910,A715,0,customer_shipment
2026-02-06,80865910,C816,0,customer_shipment
2026-02-06,80865910,C937,0,customer_shipment
2026-02-06,80868100,A668,2,customer_shipment
2026-02-06,80868100,A672,4,customer_shipment
2026-02-06,80868100,A673,7,customer_shipment
2026-02-06,80868100,A680,0,customer_shipment
2026-02-06,80868100,A715,0,customer_shipment
2026-02-06,80868100,A716,0,customer_shipment
2026-02-06,80868100,C810,0,customer_shipment
2026-02-06,80868100,C816,75,customer_shipment
2026-02-06,80868100,C937,0,customer_shipment
2026-02-06,80868101,A668,0,customer_shipment
2026-02-06,80868101,A672,5,customer_shipment
2026-02-06,80868101,A673,4,customer_shipment
2026-02-06,80868101,A680,4,customer_shipment
2026-02-06,80868101,A715,1,customer_shipment
2026-02-06,80868101,A716,1,customer_shipment
2026-02-06,80868101,C810,0,customer_shipment
2026-02-06,80868101,C816,0,customer_shipment
2026-02-06,80868101,C937,0,customer_shipment
2026-02-06,80868102,A668,3,customer_shipment
2026-02-06,80868102,A672,4,customer_shipment
2026-02-06,80868102,A673,4,customer_shipment
2026-02-06,80868102,A680,1,customer_shipment
2026-02-06,80868102,A715,4,customer_shipment
2026-02-06,80868102,A716,1,customer_shipment
2026-02-06,80868102,C810,0,customer_shipment
2026-02-06,80868102,C816,1,customer_shipment
2026-02-06,80868102,C937,0,customer_shipment
2026-02-06,80884845,A668,0,customer_shipment
2026-02-06,80884845,A672,3,customer_shipment
2026-02-06,80884845,A673,2,customer_shipment
2026-02-06,80884845,A680,0,customer_shipment
2026-02-06,80884845,A715,0,customer_shipment
2026-02-06,80884845,A716,0,customer_shipment
2026-02-06,80884845,C816,3,customer_shipment
2026-02-06,80884846,A668,0,customer_shipment
2026-02-06,80884846,A672,2,customer_shipment
2026-02-06,80884846,A673,1,customer_shipment
2026-02-06,80884846,A680,0,customer_shipment
2026-02-06,80884846,A715,0,customer_shipment
2026-02-06,80884846,A716,0,customer_shipment
2026-02-06,80884846,C816,0,customer_shipment
2026-02-06,80884848,A668,0,customer_shipment
2026-02-06,80884848,A672,2,customer_shipment
2026-02-06,80884848,A673,3,customer_shipment
2026-02-06,80884848,A680,1,customer_shipment
2026-02-06,80884848,A715,1,customer_shipment
2026-02-06,80884848,A716,0,customer_shipment
2026-02-06,80884848,C816,1,customer_shipment
2026-02-06,80884850,A668,0,customer_shipment
2026-02-06,80884850,A672,12,customer_shipment
2026-02-06,80884850,A673,8,customer_shipment
2026-02-06,80884850,A680,2,customer_shipment
2026-02-06,80884850,A715,0,customer_shipment
2026-02-06,80884850,A716,4,customer_shipment
2026-02-06,80884850,C816,1,customer_shipment
2026-02-06,80884852,A668,1,customer_shipment
2026-02-06,80884852,A672,6,customer_shipment
2026-02-06,80884852,A673,10,customer_shipment
2026-02-06,80884852,A680,3,customer_shipment
2026-02-06,80884852,A715,2,customer_shipment
2026-02-06,80884852,A716,1,customer_shipment
2026-02-06,80884852,C816,1,customer_shipment
2026-02-06,80885919,A668,3,customer_shipment
2026-02-06,80885919,A672,10,customer_shipment
2026-02-06,80885919,A673,33,customer_shipment
2026-02-06,80885919,A680,0,customer_shipment
2026-02-06,80885919,A715,1,customer_shipment
2026-02-06,80885919,A716,1,customer_shipment
2026-02-06,80885919,C816,10,customer_shipment
2026-02-06,80885920,A668,13,customer_shipment
2026-02-06,80885920,A672,12,customer_shipment
2026-02-06,80885920,A673,98,customer_shipment
2026-02-06,80885920,A680,10,customer_shipment
2026-02-06,80885920,A715,8,customer_shipment
2026-02-06,80885920,A716,5,customer_shipment
2026-02-06,80885920,C816,9,customer_shipment
2026-02-06,80885921,A668,0,customer_shipment
2026-02-06,80885921,A672,13,customer_shipment
2026-02-06,80885921,A673,17,customer_shipment
2026-02-06,80885921,A680,1,customer_shipment
2026-02-06,80885921,A715,0,customer_shipment
2026-02-06,80885921,A716,1,customer_shipment
2026-02-06,80885921,C816,0,customer_shipment
2026-02-06,80891759,A668,0,customer_shipment
2026-02-06,80891759,A672,0,customer_shipment
2026-02-06,80891759,A673,0,customer_shipment
2026-02-06,80891759,A680,0,customer_shipment
2026-02-06,80891759,C810,0,customer_shipment
2026-02-06,80891759,C816,0,customer_shipment
2026-02-06,82326521,A668,0,customer_shipment
2026-02-06,82326521,A672,0,customer_shipment
2026-02-06,82326521,A673,0,customer_shipment
2026-02-06,82326521,A680,0,customer_shipment
2026-02-06,82326521,A715,0,customer_shipment
2026-02-06,82326521,A716,0,customer_shipment
2026-02-06,82326521,C810,0,customer_shipment
2026-02-06,82326521,C816,0,customer_shipment
