date,material,location,quantity
2026-02-13,21029016,A668,0
2026-02-13,21029016,A672,0
2026-02-13,21029016,A673,0
2026-02-13,21029016,A680,0
2026-02-13,21029016,A715,0
2026-02-13,21029016,A716,0
2026-02-13,21029016,C810,0
2026-02-13,21029016,C816,0
2026-02-13,21029016,C819,4
2026-02-13,21029016,C937,0
2026-02-13,21029016,D767,0
2026-02-13,21029016,E556,0
2026-02-13,21029016,E564,0
2026-02-13,21029016,E568,4
2026-02-13,21029016,E569,0
2026-02-13,21098519,A668,287
2026-02-13,21098519,A672,844
2026-02-13,21098519,A673,887
2026-02-13,21098519,A680,230
2026-02-13,21098519,A715,129
2026-02-13,21098519,A716,145
2026-02-13,21098519,C810,126
2026-02-13,21098519,C816,345
2026-02-13,21098519,C819,0
2026-02-13,21098519,C937,34
2026-02-13,21098519,D191,2
2026-02-13,21098519,D767,17
2026-02-13,21098519,D901,135
2026-02-13,21098519,E556,46
2026-02-13,21098519,E564,14
2026-02-13,21098519,E568,3
2026-02-13,21098519,E569,4
2026-02-13,21103371,A668,310
2026-02-13,21103371,A672,758
2026-02-13,21103371,A673,482
2026-02-13,21103371,A680,226
2026-02-13,21103371,A715,125
2026-02-13,21103371,A716,104
2026-02-13,21103371,C563,3
2026-02-13,21103371,C810,109
2026-02-13,21103371,C816,466
2026-02-13,21103371,C937,24
2026-02-13,21103371,D191,2
2026-02-13,21103371,D767,4
2026-02-13,21103371,D901,110
2026-02-13,21103371,E295,135
2026-02-13,21103371,E564,8
2026-02-13,21103371,E568,2
2026-02-13,21103371,E569,9
2026-02-13,21103372,A668,366
2026-02-13,21103372,A672,416
2026-02-13,21103372,A673,965
2026-02-13,21103372,A680,149
2026-02-13,21103372,A715,164
2026-02-13,21103372,A716,84
2026-02-13,21103372,C810,154
2026-02-13,21103372,C816,511
2026-02-13,21103372,C819,0
2026-02-13,21103372,C937,26
2026-02-13,21103372,D191,2
2026-02-13,21103372,D767,10
2026-02-13,21103372,D901,102
2026-02-13,21103372,E556,77
2026-02-13,21103372,E564,21
2026-02-13,21103372,E568,3
2026-02-13,21103372,E569,8
2026-02-13,21113405,A668,131
2026-02-13,21113405,A672,233
2026-02-13,21113405,A673,596
2026-02-13,21113405,A680,56
2026-02-13,21113405,A715,89
2026-02-13,21113405,A716,121
2026-02-13,21113405,C810,23
2026-02-13,21113405,C816,391
2026-02-13,21113405,C819,4
2026-02-13,21113405,C937,7
2026-02-13,21113405,D767,7
2026-02-13,21113405,D901,7
2026-02-13,21113405,E556,4
2026-02-13,21113405,E564,14
2026-02-13,21113405,E568,8
2026-02-13,21113405,E569,6
2026-02-13,21118864,A668,66
2026-02-13,21118864,A672,104
2026-02-13,21118864,A673,379
2026-02-13,21118864,A680,45
2026-02-13,21118864,A715,15
2026-02-13,21118864,A716,27
2026-02-13,21118864,C816,106
2026-02-13,21118864,C937,1
2026-02-13,21118864,D767,2
2026-02-13,21118864,D901,1
2026-02-13,21118864,E564,0
2026-02-13,21118867,A668,41
2026-02-13,21118867,A672,70
2026-02-13,21118867,A673,80
2026-02-13,21118867,A680,18
2026-02-13,21118867,A715,22
2026-02-13,21118867,A716,26
2026-02-13,21118867,C810,3
2026-02-13,21118867,C816,280
2026-02-13,21118867,C819,5
2026-02-13,21118867,C937,3
2026-02-13,21118867,D767,4
2026-02-13,21118867,D901,6
2026-02-13,21118867,E556,2
2026-02-13,21118867,E564,0
2026-02-13,21118867,E568,2
2026-02-13,21118867,E569,2
2026-02-13,21121751,A668,11
2026-02-13,21121751,A672,126
2026-02-13,21121751,A673,190
2026-02-13,21121751,A680,69
2026-02-13,21121751,A715,10
2026-02-13,21121751,A716,44
2026-02-13,21121751,C816,260
2026-02-13,21121751,C819,23
2026-02-13,21121751,D767,13
2026-02-13,21121751,D901,26
2026-02-13,21121751,E556,10
2026-02-13,21121751,E564,0
2026-02-13,21121752,A668,9
2026-02-13,21121752,A672,76
2026-02-13,21121752,A673,71
2026-02-13,21121752,A680,9
2026-02-13,21121752,A715,4
2026-02-13,21121752,A716,13
2026-02-13,21121752,C816,105
2026-02-13,21121752,C819,5
2026-02-13,21121752,D767,1
2026-02-13,21121752,E556,6
2026-02-13,21121752,E564,2
2026-02-13,21121756,A668,140
2026-02-13,21121756,A672,130
2026-02-13,21121756,A673,149
2026-02-13,21121756,A680,54
2026-02-13,21121756,A715,59
2026-02-13,21121756,A716,82
2026-02-13,21121756,C810,6
2026-02-13,21121756,C816,77
2026-02-13,21121756,C819,5
2026-02-13,21121756,C937,2
2026-02-13,21121756,D767,15
2026-02-13,21121756,D901,4
2026-02-13,21121756,E556,3
2026-02-13,21121756,E564,14
2026-02-13,21121756,E568,7
2026-02-13,21121756,E569,5
2026-02-13,21127730,A668,1541
2026-02-13,21127730,A672,1346
2026-02-13,21127730,A673,411
2026-02-13,21127730,A680,347
2026-02-13,21127730,A715,145
2026-02-13,21127730,A716,518
2026-02-13,21127730,C563,9
2026-02-13,21127730,C810,87
2026-02-13,21127730,C816,524
2026-02-13,21127730,C937,5
2026-02-13,21127730,D901,15
2026-02-13,21127730,E295,223
2026-02-13,21127730,E568,0
2026-02-13,21127799,A672,628
2026-02-13,21127799,A673,77
2026-02-13,21127799,C816,44
2026-02-13,21127799,E556,26
2026-02-13,21127800,A672,931
2026-02-13,21127800,A673,102
2026-02-13,21127800,C816,47
2026-02-13,21127800,E556,30
2026-02-13,21128067,A668,381
2026-02-13,21128067,A672,807
2026-02-13,21128067,A673,392
2026-02-13,21128067,A680,107
2026-02-13,21128067,A715,195
2026-02-13,21128067,A716,360
2026-02-13,21128067,C563,15
2026-02-13,21128067,C810,30
2026-02-13,21128067,C816,408
2026-02-13,21128067,C819,3
2026-02-13,21128067,C937,7
2026-02-13,21128067,D767,40
2026-02-13,21128067,D901,78
2026-02-13,21128067,E556,5
2026-02-13,21128067,E564,25
2026-02-13,21128067,E568,15
2026-02-13,21128067,E569,5
2026-02-13,21128377,A668,177
2026-02-13,21128377,A672,705
2026-02-13,21128377,A673,581
2026-02-13,21128377,A680,153
2026-02-13,21128377,A715,97
2026-02-13,21128377,A716,100
2026-02-13,21128377,C810,15
2026-02-13,21128377,C816,291
2026-02-13,21128377,C937,17
2026-02-13,21128377,D191,1
2026-02-13,21128377,D767,10
2026-02-13,21128377,D901,105
2026-02-13,21128377,E564,7
2026-02-13,21128377,E568,0
2026-02-13,21128377,E569,6
2026-02-13,21131984,D767,0
2026-02-13,21132752,A672,897
2026-02-13,21132752,C816,319
2026-02-13,21132758,A668,371
2026-02-13,21132758,A672,1332
2026-02-13,21132758,A673,569
2026-02-13,21132758,A680,334
2026-02-13,21132758,A715,123
2026-02-13,21132758,A716,190
2026-02-13,21132758,C563,23
2026-02-13,21132758,C810,114
2026-02-13,21132758,C816,721
2026-02-13,21132758,C819,10
2026-02-13,21132758,C937,8
2026-02-13,21132758,D191,0
2026-02-13,21132758,D767,24
2026-02-13,21132758,D901,182
2026-02-13,21132758,E295,167
2026-02-13,21132758,E556,32
2026-02-13,21132758,E564,20
2026-02-13,21132758,E568,5
2026-02-13,21132758,E569,15
2026-02-13,21132988,A668,304
2026-02-13,21132988,A672,510
2026-02-13,21132988,A673,765
2026-02-13,21132988,A680,87
2026-02-13,21132988,A715,156
2026-02-13,21132988,A716,188
2026-02-13,21132988,C563,16
2026-02-13,21132988,C810,18
2026-02-13,21132988,C816,314
2026-02-13,21132988,C819,21
2026-02-13,21132988,C937,14
2026-02-13,21132988,D191,0
2026-02-13,21132988,D767,61
2026-02-13,21132988,D901,49
2026-02-13,21132988,E556,20
2026-02-13,21132988,E564,60
2026-02-13,21132988,E568,20
2026-02-13,21132988,E569,4
2026-02-13,21133312,A668,147
2026-02-13,21133312,A672,395
2026-02-13,21133312,A673,256
2026-02-13,21133312,A680,98
2026-02-13,21133312,A715,75
2026-02-13,21133312,A716,88
2026-02-13,21133312,C810,0
2026-02-13,21133312,C816,176
2026-02-13,21133312,C937,0
2026-02-13,21133312,D191,0
2026-02-13,21133312,D767,5
2026-02-13,21133312,D901,62
2026-02-13,21133312,E564,6
2026-02-13,21133312,E568,0
2026-02-13,21133312,E569,5
2026-02-13,21133493,A672,1206
2026-02-13,21133493,A673,55
2026-02-13,21133493,C816,48
2026-02-13,21133493,E556,66
2026-02-13,21137618,A672,0
2026-02-13,21137618,A673,0
2026-02-13,21137618,C816,0
2026-02-13,21137618,E556,0
2026-02-13,21137621,A672,578
2026-02-13,21137621,C816,619
2026-02-13,21137866,A668,566
2026-02-13,21137866,A672,1125
2026-02-13,21137866,A673,655
2026-02-13,21137866,A680,209
2026-02-13,21137866,A715,321
2026-02-13,21137866,A716,241
2026-02-13,21137866,C563,20
2026-02-13,21137866,C810,88
2026-02-13,21137866,C816,1080
2026-02-13,21137866,C819,42
2026-02-13,21137866,C937,25
2026-02-13,21137866,D191,7
2026-02-13,21137866,D767,77
2026-02-13,21137866,D901,142
2026-02-13,21137866,E556,24
2026-02-13,21137866,E564,90
2026-02-13,21137866,E568,26
2026-02-13,21137866,E569,10
2026-02-13,21138340,A672,1523
2026-02-13,21138340,A673,64
2026-02-13,21138340,C816,25
2026-02-13,21138340,E556,48
2026-02-13,21139445,A668,96
2026-02-13,21139445,A672,147
2026-02-13,21139445,A673,326
2026-02-13,21139445,A680,84
2026-02-13,21139445,A715,178
2026-02-13,21139445,A716,508
2026-02-13,21139445,C810,114
2026-02-13,21139445,C816,1386
2026-02-13,21139445,C937,12
2026-02-13,21139445,D901,14
2026-02-13,21139445,E564,0
2026-02-13,21139445,E568,0
2026-02-13,21139445,E569,2
2026-02-13,21141769,A668,143
2026-02-13,21141769,A672,225
2026-02-13,21141769,A673,300
2026-02-13,21141769,A680,16
2026-02-13,21141769,A715,90
2026-02-13,21141769,A716,114
2026-02-13,21141769,C810,17
2026-02-13,21141769,C816,207
2026-02-13,21141769,C819,14
2026-02-13,21141769,C937,17
2026-02-13,21141769,D767,49
2026-02-13,21141769,D901,40
2026-02-13,21141769,E556,27
2026-02-13,21141769,E564,15
2026-02-13,21141769,E568,10
2026-02-13,21141769,E569,14
2026-02-13,21142556,A672,1073
2026-02-13,21142556,C810,141
2026-02-13,21142556,C816,179
2026-02-13,21142560,A672,1589
2026-02-13,21142560,C816,330
2026-02-13,21143102,A668,124
2026-02-13,21143102,A672,446
2026-02-13,21143102,A673,298
2026-02-13,21143102,A680,137
2026-02-13,21143102,A715,104
2026-02-13,21143102,A716,92
2026-02-13,21143102,C810,0
2026-02-13,21143102,C816,228
2026-02-13,21143102,C937,12
2026-02-13,21143102,D191,0
2026-02-13,21143102,D767,4
2026-02-13,21143102,D901,61
2026-02-13,21143102,E564,4
2026-02-13,21143102,E568,0
2026-02-13,21143102,E569,6
2026-02-13,21143103,A668,112
2026-02-13,21143103,A672,570
2026-02-13,21143103,A673,408
2026-02-13,21143103,A680,73
2026-02-13,21143103,A715,130
2026-02-13,21143103,A716,90
2026-02-13,21143103,C810,0
2026-02-13,21143103,C816,293
2026-02-13,21143103,C937,9
2026-02-13,21143103,D767,2
2026-02-13,21143103,D901,32
2026-02-13,21143103,E568,0
2026-02-13,21143103,E569,3
2026-02-13,21143110,A668,265
2026-02-13,21143110,A672,1340
2026-02-13,21143110,A673,332
2026-02-13,21143110,A680,320
2026-02-13,21143110,A715,88
2026-02-13,21143110,A716,1
2026-02-13,21143110,C563,13
2026-02-13,21143110,C810,642
2026-02-13,21143110,C816,733
2026-02-13,21143110,C819,4
2026-02-13,21143110,C937,2
2026-02-13,21143110,D901,56
2026-02-13,21143110,E295,114
2026-02-13,21143110,E556,0
2026-02-13,21143110,E569,0
2026-02-13,21148509,A668,137
2026-02-13,21148509,A672,651
2026-02-13,21148509,A673,269
2026-02-13,21148509,A680,81
2026-02-13,21148509,A715,129
2026-02-13,21148509,A716,77
2026-02-13,21148509,C810,65
2026-02-13,21148509,C816,361
2026-02-13,21148509,C819,28
2026-02-13,21148509,C937,27
2026-02-13,21148509,D767,44
2026-02-13,21148509,D901,96
2026-02-13,21148509,E556,29
2026-02-13,21148509,E564,36
2026-02-13,21148509,E568,13
2026-02-13,21148509,E569,6
2026-02-13,21148609,D767,0
2026-02-13,21150048,A672,0
2026-02-13,21150048,A673,0
2026-02-13,21150048,E556,0
2026-02-13,21151196,A668,500
2026-02-13,21151196,A672,1020
2026-02-13,21151196,A673,681
2026-02-13,21151196,A680,189
2026-02-13,21151196,A715,137
2026-02-13,21151196,A716,143
2026-02-13,21151196,C563,11
2026-02-13,21151196,C810,18
2026-02-13,21151196,C816,631
2026-02-13,21151196,C819,5
2026-02-13,21151196,C937,12
2026-02-13,21151196,D191,0
2026-02-13,21151196,D767,8
2026-02-13,21151196,D901,66
2026-02-13,21151196,E295,211
2026-02-13,21151196,E556,0
2026-02-13,21151196,E564,8
2026-02-13,21151196,E568,0
2026-02-13,21151196,E569,4
2026-02-13,21155895,A668,36
2026-02-13,21155895,A672,230
2026-02-13,21155895,A673,754
2026-02-13,21155895,A680,83
2026-02-13,21155895,A715,14
2026-02-13,21155895,A716,62
2026-02-13,21155895,C810,24
2026-02-13,21155895,C816,150
2026-02-13,21155895,C819,10
2026-02-13,21155895,C937,5
2026-02-13,21155895,D767,3
2026-02-13,21155895,D901,72
2026-02-13,21155895,E556,9
2026-02-13,21155895,E564,8
2026-02-13,21155895,E568,1
2026-02-13,21162696,A668,34
2026-02-13,21162696,A672,274
2026-02-13,21162696,A673,86
2026-02-13,21162696,A680,22
2026-02-13,21162696,A715,4
2026-02-13,21162696,A716,16
2026-02-13,21162696,C816,31
2026-02-13,21162696,C819,1
2026-02-13,21162696,C937,4
2026-02-13,21162696,D767,2
2026-02-13,21162696,E556,11
2026-02-13,21162696,E564,2
2026-02-13,21162696,E568,3
2026-02-13,21162696,E569,2
2026-02-13,21165816,A668,32
2026-02-13,21165816,A672,73
2026-02-13,21165816,A673,149
2026-02-13,21165816,A680,20
2026-02-13,21165816,A715,27
2026-02-13,21165816,A716,24
2026-02-13,21165816,C810,776
2026-02-13,21165816,C816,70
2026-02-13,21165816,C937,4
2026-02-13,21165816,D901,7
2026-02-13,21165816,E569,5
2026-02-13,21165868,A668,100
2026-02-13,21165868,A672,74
2026-02-13,21165868,A673,462
2026-02-13,21165868,A680,11
2026-02-13,21165868,A715,29
2026-02-13,21165868,A716,21
2026-02-13,21165868,C810,311
2026-02-13,21165868,C816,48
2026-02-13,21165868,C937,4
2026-02-13,21165868,D901,6
2026-02-13,21165868,E569,5
2026-02-13,21165946,A668,52
2026-02-13,21165946,A672,1120
2026-02-13,21165946,A673,1421
2026-02-13,21165946,A680,1493
2026-02-13,21165946,A715,29
2026-02-13,21165946,A716,127
2026-02-13,21165946,C810,2
2026-02-13,21165946,C816,260
2026-02-13,21165946,C937,5
2026-02-13,21165946,D767,6
2026-02-13,21165946,D901,85
2026-02-13,21165946,E467,27
2026-02-13,21165946,E556,13
2026-02-13,21165946,E564,18
2026-02-13,21165946,E568,1
2026-02-13,21170683,A668,18
2026-02-13,21170683,A672,226
2026-02-13,21170683,A673,378
2026-02-13,21170683,A680,96
2026-02-13,21170683,A715,11
2026-02-13,21170683,A716,51
2026-02-13,21170683,C810,6
2026-02-13,21170683,C816,135
2026-02-13,21170683,C819,5
2026-02-13,21170683,C937,7
2026-02-13,21170683,D767,5
2026-02-13,21170683,D901,66
2026-02-13,21170683,E467,14
2026-02-13,21170683,E556,18
2026-02-13,21170683,E564,10
2026-02-13,21170683,E568,1
2026-02-13,21170686,A668,47
2026-02-13,21170686,A672,170
2026-02-13,21170686,A673,317
2026-02-13,21170686,A680,37
2026-02-13,21170686,A715,16
2026-02-13,21170686,A716,12
2026-02-13,21170686,C810,88
2026-02-13,21170686,C816,22
2026-02-13,21170686,C937,5
2026-02-13,21170686,D901,5
2026-02-13,21170686,E569,5
2026-02-13,21170691,A668,32
2026-02-13,21170691,A672,48
2026-02-13,21170691,A673,111
2026-02-13,21170691,A680,23
2026-02-13,21170691,A715,31
2026-02-13,21170691,A716,27
2026-02-13,21170691,C810,708
2026-02-13,21170691,C816,66
2026-02-13,21170691,C937,5
2026-02-13,21170691,D901,8
2026-02-13,21170691,E569,5
2026-02-13,21171453,A668,9
2026-02-13,21171453,A672,34
2026-02-13,21171453,A673,119
2026-02-13,21171453,A680,52
2026-02-13,21171453,A715,4
2026-02-13,21171453,A716,14
2026-02-13,21171453,C816,63
2026-02-13,21171453,C819,3
2026-02-13,21171453,D767,5
2026-02-13,21171453,D901,17
2026-02-13,21171453,E556,0
2026-02-13,21171453,E564,3
2026-02-13,21176384,A668,41
2026-02-13,21176384,A672,85
2026-02-13,21176384,A673,169
2026-02-13,21176384,A680,18
2026-02-13,21176384,A715,12
2026-02-13,21176384,A716,18
2026-02-13,21176384,C810,44
2026-02-13,21176384,C816,67
2026-02-13,21176384,C937,4
2026-02-13,21176384,D901,6
2026-02-13,21176384,E569,5
2026-02-13,21179704,A668,47
2026-02-13,21179704,A672,371
2026-02-13,21179704,A673,135
2026-02-13,21179704,A680,36
2026-02-13,21179704,A715,5
2026-02-13,21179704,A716,30
2026-02-13,21179704,C816,43
2026-02-13,21179704,C819,1
2026-02-13,21179704,C937,7
2026-02-13,21179704,D767,6
2026-02-13,21179704,E556,20
2026-02-13,21179704,E564,6
2026-02-13,21179704,E568,3
2026-02-13,21179704,E569,2
2026-02-13,21255844,A668,108
2026-02-13,21255844,A672,143
2026-02-13,21255844,A673,221
2026-02-13,21255844,A680,1755
2026-02-13,21255844,A715,3
2026-02-13,21255844,C810,29
2026-02-13,21255844,C816,149
2026-02-13,21255844,C819,5
2026-02-13,21255844,C937,92
2026-02-13,21255844,E556,1
2026-02-13,21255844,E564,0
2026-02-13,21255844,E569,6
2026-02-13,21269899,A672,0
2026-02-13,21269899,A673,225
2026-02-13,21269899,A715,457
2026-02-13,21269899,C816,278
2026-02-13,21269899,C819,4
2026-02-13,21269899,E556,0
2026-02-13,21275914,A668,158
2026-02-13,21275914,A672,198
2026-02-13,21275914,A673,302
2026-02-13,21275914,A680,19
2026-02-13,21275914,A715,3
2026-02-13,21275914,C810,30
2026-02-13,21275914,C816,204
2026-02-13,21275914,C819,5
2026-02-13,21275914,C937,68
2026-02-13,21275914,E556,1
2026-02-13,21275914,E564,0
2026-02-13,21275914,E569,5
2026-02-13,21291975,A668,78
2026-02-13,21291975,A672,194
2026-02-13,21291975,A673,1036
2026-02-13,21291975,A680,94
2026-02-13,21291975,A715,22
2026-02-13,21291975,A716,19
2026-02-13,21291975,C816,50
2026-02-13,21291975,C937,9
2026-02-13,21291975,D767,0
2026-02-13,21291975,D901,0
2026-02-13,21291975,E569,7
2026-02-13,21301637,A668,198
2026-02-13,21301637,A672,323
2026-02-13,21301637,A673,2230
2026-02-13,21301637,A680,196
2026-02-13,21301637,A715,47
2026-02-13,21301637,A716,38
2026-02-13,21301637,C816,48
2026-02-13,21301637,C937,24
2026-02-13,21301637,D767,1
2026-02-13,21301637,D901,42
2026-02-13,21301637,E569,14
2026-02-13,21303404,A668,0
2026-02-13,21303404,A672,123
2026-02-13,21303404,A673,925
2026-02-13,21303404,A680,0
2026-02-13,21303404,A715,0
2026-02-13,21303404,A716,0
2026-02-13,21303404,C810,0
2026-02-13,21303404,C816,0
2026-02-13,21303404,C937,2
2026-02-13,21303404,D767,0
2026-02-13,21303404,E556,17
2026-02-13,21303404,E569,0
2026-02-13,21304907,A668,14
2026-02-13,21304907,A672,126
2026-02-13,21304907,A673,57
2026-02-13,21304907,A680,33
2026-02-13,21304907,A715,117
2026-02-13,21304907,A716,14
2026-02-13,21304907,C816,2194
2026-02-13,21304907,C937,5
2026-02-13,21304907,D767,11
2026-02-13,21304907,E564,4
2026-02-13,21304907,E568,0
2026-02-13,21304907,E569,8
2026-02-13,21307836,A668,38
2026-02-13,21307836,A672,94
2026-02-13,21307836,A673,140
2026-02-13,21307836,A680,55
2026-02-13,21307836,A715,98
2026-02-13,21307836,A716,258
2026-02-13,21307836,C810,62
2026-02-13,21307836,C816,2412
2026-02-13,21307836,C937,2
2026-02-13,21307836,E569,0
2026-02-13,21314593,A668,70
2026-02-13,21314593,A672,848
2026-02-13,21314593,A673,413
2026-02-13,21314593,A680,100
2026-02-13,21314593,A715,75
2026-02-13,21314593,A716,71
2026-02-13,21314593,C810,109
2026-02-13,21314593,C816,824
2026-02-13,21314593,C819,2
2026-02-13,21314593,C937,20
2026-02-13,21314593,D767,7
2026-02-13,21314593,D901,28
2026-02-13,21314593,E556,51
2026-02-13,21314593,E564,2
2026-02-13,21314593,E568,5
2026-02-13,21314593,E569,11
2026-02-13,21314594,A668,57
2026-02-13,21314594,A672,455
2026-02-13,21314594,A673,284
2026-02-13,21314594,A680,56
2026-02-13,21314594,A715,58
2026-02-13,21314594,A716,48
2026-02-13,21314594,C810,1
2026-02-13,21314594,C816,341
2026-02-13,21314594,C937,5
2026-02-13,21314594,D767,0
2026-02-13,21314594,D901,31
2026-02-13,21314594,E556,25
2026-02-13,21314594,E564,2
2026-02-13,21314594,E569,3
2026-02-13,21314595,A668,114
2026-02-13,21314595,A672,759
2026-02-13,21314595,A673,249
2026-02-13,21314595,A680,78
2026-02-13,21314595,A715,82
2026-02-13,21314595,A716,50
2026-02-13,21314595,C810,7
2026-02-13,21314595,C816,500
2026-02-13,21314595,C937,5
2026-02-13,21314595,D901,29
2026-02-13,21314595,E564,2
2026-02-13,21314595,E568,0
2026-02-13,21314595,E569,5
2026-02-13,21314602,A668,42
2026-02-13,21314602,A672,597
2026-02-13,21314602,A673,225
2026-02-13,21314602,A680,86
2026-02-13,21314602,A715,271
2026-02-13,21314602,A716,45
2026-02-13,21314602,C816,122
2026-02-13,21314602,C937,0
2026-02-13,21314602,D767,11
2026-02-13,21314602,E564,2
2026-02-13,21314602,E568,1
2026-02-13,21314602,E569,17
2026-02-13,21314875,A668,63
2026-02-13,21314875,A672,120
2026-02-13,21314875,A673,113
2026-02-13,21314875,A680,23
2026-02-13,21314875,A715,39
2026-02-13,21314875,A716,26
2026-02-13,21314875,C816,54
2026-02-13,21314875,C937,4
2026-02-13,21314875,D901,22
2026-02-13,21314875,E556,8
2026-02-13,21314875,E564,14
2026-02-13,21314875,E568,2
2026-02-13,21314876,A668,139
2026-02-13,21314876,A672,364
2026-02-13,21314876,A673,371
2026-02-13,21314876,A680,58
2026-02-13,21314876,A715,93
2026-02-13,21314876,A716,158
2026-02-13,21314876,C816,136
2026-02-13,21314876,C937,1
2026-02-13,21314876,D901,20
2026-02-13,21314876,E556,7
2026-02-13,21314876,E564,21
2026-02-13,21314876,E568,4
2026-02-13,21315350,A668,151
2026-02-13,21315350,A672,1573
2026-02-13,21315350,A673,537
2026-02-13,21315350,A680,235
2026-02-13,21315350,A715,106
2026-02-13,21315350,A716,67
2026-02-13,21315350,C810,66
2026-02-13,21315350,C816,435
2026-02-13,21315350,C819,8
2026-02-13,21315350,C937,37
2026-02-13,21315350,D767,12
2026-02-13,21315350,D901,24
2026-02-13,21315350,E556,80
2026-02-13,21315350,E564,2
2026-02-13,21315350,E568,3
2026-02-13,21315350,E569,25
2026-02-13,21315352,A668,42
2026-02-13,21315352,A672,356
2026-02-13,21315352,A673,263
2026-02-13,21315352,A680,68
2026-02-13,21315352,A715,27
2026-02-13,21315352,A716,30
2026-02-13,21315352,C810,8
2026-02-13,21315352,C816,476
2026-02-13,21315352,C819,2
2026-02-13,21315352,C937,7
2026-02-13,21315352,D767,6
2026-02-13,21315352,D901,21
2026-02-13,21315352,E556,8
2026-02-13,21315352,E564,2
2026-02-13,21315352,E568,5
2026-02-13,21315352,E569,4
2026-02-13,21315474,A668,145
2026-02-13,21315474,A672,260
2026-02-13,21315474,A673,206
2026-02-13,21315474,A680,124
2026-02-13,21315474,A715,221
2026-02-13,21315474,A716,183
2026-02-13,21315474,C563,3
2026-02-13,21315474,C731,0
2026-02-13,21315474,C810,169
2026-02-13,21315474,C816,570
2026-02-13,21315474,C937,19
2026-02-13,21315474,D767,8
2026-02-13,21315474,D901,87
2026-02-13,21315474,E556,26
2026-02-13,21315474,E564,77
2026-02-13,21315474,E568,17
2026-02-13,21315474,E569,10
2026-02-13,21325164,A668,51
2026-02-13,21325164,A672,516
2026-02-13,21325164,A673,724
2026-02-13,21325164,A680,141
2026-02-13,21325164,A715,1
2026-02-13,21325164,A716,22
2026-02-13,21325164,C810,31
2026-02-13,21325164,C816,223
2026-02-13,21325164,C819,2
2026-02-13,21325164,C937,0
2026-02-13,21325164,D767,0
2026-02-13,21325164,D901,4
2026-02-13,21325164,E556,27
2026-02-13,21325164,E568,5
2026-02-13,21325164,E569,4
2026-02-13,21325292,A668,198
2026-02-13,21325292,A672,655
2026-02-13,21325292,A673,596
2026-02-13,21325292,A680,212
2026-02-13,21325292,A715,294
2026-02-13,21325292,A716,109
2026-02-13,21325292,C563,2
2026-02-13,21325292,C731,0
2026-02-13,21325292,C810,61
2026-02-13,21325292,C816,336
2026-02-13,21325292,C937,15
2026-02-13,21325292,D767,32
2026-02-13,21325292,D901,80
2026-02-13,21325292,E556,28
2026-02-13,21325292,E564,67
2026-02-13,21325292,E568,17
2026-02-13,21325292,E569,12
2026-02-13,21352461,A668,380
2026-02-13,21352461,A672,646
2026-02-13,21352461,A673,967
2026-02-13,21352461,A680,240
2026-02-13,21352461,A715,164
2026-02-13,21352461,A716,83
2026-02-13,21352461,C810,0
2026-02-13,21352461,C816,684
2026-02-13,21352461,C937,5
2026-02-13,21352461,E568,0
2026-02-13,21352461,E569,1
2026-02-13,21354246,A668,71
2026-02-13,21354246,A672,765
2026-02-13,21354246,A673,636
2026-02-13,21354246,A680,25
2026-02-13,21354246,A715,59
2026-02-13,21354246,A716,0
2026-02-13,21354246,C816,94
2026-02-13,21354246,C937,2
2026-02-13,21354246,D767,11
2026-02-13,21354246,E556,7
2026-02-13,21354246,E568,2
2026-02-13,21357021,A668,132
2026-02-13,21357021,A672,2227
2026-02-13,21357021,A673,1156
2026-02-13,21357021,A680,164
2026-02-13,21357021,A715,298
2026-02-13,21357021,A716,247
2026-02-13,21357021,C816,222
2026-02-13,21357275,A668,225
2026-02-13,21357275,A672,480
2026-02-13,21357275,A673,494
2026-02-13,21357275,A680,186
2026-02-13,21357275,A715,148
2026-02-13,21357275,A716,128
2026-02-13,21357275,C810,0
2026-02-13,21357275,C816,404
2026-02-13,21357275,C937,4
2026-02-13,21357275,E568,0
2026-02-13,21357275,E569,1
2026-02-13,21366842,A668,68
2026-02-13,21366842,A672,1021
2026-02-13,21366842,A673,235
2026-02-13,21366842,A680,88
2026-02-13,21366842,A715,122
2026-02-13,21366842,A716,107
2026-02-13,21366842,C816,55
2026-02-13,21376841,A668,471
2026-02-13,21376841,A672,3177
2026-02-13,21376841,A673,5103
2026-02-13,21376841,A680,138
2026-02-13,21376841,A715,321
2026-02-13,21376841,A716,468
2026-02-13,21376841,C816,458
2026-02-13,21377091,A668,358
2026-02-13,21377091,A672,3713
2026-02-13,21377091,A673,3252
2026-02-13,21377091,A680,308
2026-02-13,21377091,A715,215
2026-02-13,21377091,A716,237
2026-02-13,21377091,C816,177
2026-02-13,21377504,A668,65
2026-02-13,21377504,A672,715
2026-02-13,21377504,A673,573
2026-02-13,21377504,A680,26
2026-02-13,21377504,A715,53
2026-02-13,21377504,A716,0
2026-02-13,21377504,C816,94
2026-02-13,21377504,C937,6
2026-02-13,21377504,D767,4
2026-02-13,21377504,E556,4
2026-02-13,21377504,E568,2
2026-02-13,21413399,C816,0
2026-02-13,21414747,A668,125
2026-02-13,21414747,A672,119
2026-02-13,21414747,A673,433
2026-02-13,21414747,A680,42
2026-02-13,21414747,A715,190
2026-02-13,21414747,A716,203
2026-02-13,21414747,C816,2597
2026-02-13,21416910,A668,262
2026-02-13,21416910,A672,441
2026-02-13,21416910,A673,384
2026-02-13,21416910,A680,249
2026-02-13,21416910,C816,539
2026-02-13,21419485,A668,126
2026-02-13,21419485,A672,160
2026-02-13,21419485,A673,397
2026-02-13,21419485,A680,73
2026-02-13,21419485,A715,202
2026-02-13,21419485,A716,196
2026-02-13,21419485,C816,2168
2026-02-13,21419490,A668,184
2026-02-13,21419490,A672,558
2026-02-13,21419490,A673,543
2026-02-13,21419490,A680,225
2026-02-13,21419490,A715,185
2026-02-13,21419490,A716,182
2026-02-13,21419490,C816,171
2026-02-13,21419500,A668,35
2026-02-13,21419500,A672,56
2026-02-13,21419500,A673,325
2026-02-13,21419500,A680,47
2026-02-13,21419500,A715,93
2026-02-13,21419500,A716,74
2026-02-13,21419500,C816,133
2026-02-13,21421148,A672,1455
2026-02-13,21421148,C816,517
2026-02-13,21421149,A672,1133
2026-02-13,21421149,C816,405
2026-02-13,21421210,A672,0
2026-02-13,21421210,A673,0
2026-02-13,21421210,C816,0
2026-02-13,21422791,A668,0
2026-02-13,21422791,A672,35
2026-02-13,21422791,A673,2477
2026-02-13,21422791,A680,56
2026-02-13,21422791,A715,5
2026-02-13,21422791,A716,19
2026-02-13,21422791,C816,103
2026-02-13,21422791,E569,1
2026-02-13,21425098,A673,43
2026-02-13,21428668,A668,158
2026-02-13,21428668,A672,51
2026-02-13,21428668,A673,441
2026-02-13,21428668,A680,93
2026-02-13,21428668,A715,1046
2026-02-13,21428668,A716,965
2026-02-13,21428668,C816,1989
2026-02-13,21431638,A672,1287
2026-02-13,21431638,C810,581
2026-02-13,21434946,A668,0
2026-02-13,21434946,A672,0
2026-02-13,21434946,A673,0
2026-02-13,21434946,A680,0
2026-02-13,21434946,A715,0
2026-02-13,21434946,A716,0
2026-02-13,21434946,C816,0
2026-02-13,21434946,C937,0
2026-02-13,21434946,D901,0
2026-02-13,21434946,E568,0
2026-02-13,21434946,E569,0
2026-02-13,21434952,A668,153
2026-02-13,21434952,A672,478
2026-02-13,21434952,A673,466
2026-02-13,21434952,A680,214
2026-02-13,21434952,A715,64
2026-02-13,21434952,A716,44
2026-02-13,21434952,C816,211
2026-02-13,21434952,C937,2
2026-02-13,21434952,E569,0
2026-02-13,21434954,A668,343
2026-02-13,21434954,A672,692
2026-02-13,21434954,A673,656
2026-02-13,21434954,A680,237
2026-02-13,21434954,A715,76
2026-02-13,21434954,A716,54
2026-02-13,21434954,C816,349
2026-02-13,21434954,C937,3
2026-02-13,21434954,E569,0
2026-02-13,21442422,A668,195
2026-02-13,21442422,A672,344
2026-02-13,21442422,A673,627
2026-02-13,21442422,A680,150
2026-02-13,21442422,A715,533
2026-02-13,21442422,A716,516
2026-02-13,21442422,C816,554
2026-02-13,21442896,A668,74
2026-02-13,21442896,A672,134
2026-02-13,21442896,A673,678
2026-02-13,21442896,A680,16
2026-02-13,21442896,A715,1091
2026-02-13,21442896,A716,994
2026-02-13,21442896,C816,957
2026-02-13,21442897,A668,67
2026-02-13,21442897,A672,243
2026-02-13,21442897,A673,697
2026-02-13,21442897,A680,107
2026-02-13,21442897,A715,829
2026-02-13,21442897,A716,613
2026-02-13,21442897,C816,230
2026-02-13,21447518,A668,5
2026-02-13,21447518,A672,47
2026-02-13,21447518,A673,21
2026-02-13,21447518,A680,15
2026-02-13,21447518,A715,2
2026-02-13,21447518,A716,0
2026-02-13,21447518,C816,3410
2026-02-13,21463645,A672,270
2026-02-13,21463645,A673,1049
2026-02-13,21463645,A680,35
2026-02-13,21463645,C816,204
2026-02-13,21472283,A672,102
2026-02-13,21472283,A673,1321
2026-02-13,21472283,A680,13
2026-02-13,21472283,C816,371
2026-02-13,80791223,A668,6
2026-02-13,80791223,A672,90
2026-02-13,80791223,A673,73
2026-02-13,80791223,A680,14
2026-02-13,80791223,A715,16
2026-02-13,80791223,A716,14
2026-02-13,80791223,C816,64
2026-02-13,80793613,A668,47
2026-02-13,80793613,A672,207
2026-02-13,80793613,A673,352
2026-02-13,80793613,A680,50
2026-02-13,80793613,A715,89
2026-02-13,80793613,A716,56
2026-02-13,80793613,C595,0
2026-02-13,80793613,C816,192
2026-02-13,80793613,C937,4
2026-02-13,80793613,D901,28
2026-02-13,80793613,E556,0
2026-02-13,80793613,E564,1
2026-02-13,80793613,E568,1
2026-02-13,80793613,E569,1
2026-02-13,80793614,A668,9
2026-02-13,80793614,A672,151
2026-02-13,80793614,A673,1178
2026-02-13,80793614,A680,9
2026-02-13,80793614,A715,278
2026-02-13,80793614,A716,2
2026-02-13,80793614,C595,0
2026-02-13,80793614,C816,205
2026-02-13,80793614,C937,0
2026-02-13,80793614,E556,0
2026-02-13,80793614,E564,0
2026-02-13,80793614,E568,0
2026-02-13,80793615,A668,56
2026-02-13,80793615,A672,297
2026-02-13,80793615,A673,486
2026-02-13,80793615,A680,127
2026-02-13,80793615,A715,133
2026-02-13,80793615,A716,89
2026-02-13,80793615,C595,4
2026-02-13,80793615,C816,182
2026-02-13,80793615,C937,2
2026-02-13,80793615,E556,0
2026-02-13,80793615,E564,2
2026-02-13,80793615,E568,0
2026-02-13,80795932,A668,56
2026-02-13,80795932,A672,322
2026-02-13,80795932,A673,367
2026-02-13,80795932,A680,63
2026-02-13,80795932,A715,128
2026-02-13,80795932,A716,41
2026-02-13,80795932,C816,264
2026-02-13,80795932,C937,3
2026-02-13,80795932,D901,17
2026-02-13,80795932,E556,0
2026-02-13,80795932,E564,0
2026-02-13,80795932,E568,0
2026-02-13,80795932,E569,4
2026-02-13,80795933,A668,55
2026-02-13,80795933,A672,331
2026-02-13,80795933,A673,1214
2026-02-13,80795933,A680,9
2026-02-13,80795933,A715,7
2026-02-13,80795933,A716,15
2026-02-13,80795933,C595,0
2026-02-13,80795933,C816,194
2026-02-13,80795933,C819,3
2026-02-13,80795933,C937,2
2026-02-13,80795933,E556,0
2026-02-13,80795933,E564,0
2026-02-13,80795933,E568,0
2026-02-13,80796091,A668,66
2026-02-13,80796091,A672,355
2026-02-13,80796091,A673,516
2026-02-13,80796091,A680,120
2026-02-13,80796091,A715,168
2026-02-13,80796091,A716,104
2026-02-13,80796091,C595,0
2026-02-13,80796091,C816,350
2026-02-13,80796091,C937,3
2026-02-13,80796091,E564,0
2026-02-13,80796091,E568,0
2026-02-13,80799660,A668,0
2026-02-13,80799660,A672,0
2026-02-13,80799660,A673,0
2026-02-13,80799660,A680,0
2026-02-13,80799660,A715,0
2026-02-13,80799660,A716,0
2026-02-13,80799660,C563,0
2026-02-13,80799660,C731,0
2026-02-13,80799660,C816,0
2026-02-13,80799660,C819,0
2026-02-13,80799660,D901,0
2026-02-13,80799660,E295,0
2026-02-13,80804127,A668,9
2026-02-13,80804127,A672,212
2026-02-13,80804127,A673,70
2026-02-13,80804127,A680,68
2026-02-13,80804127,A715,34
2026-02-13,80804127,A716,24
2026-02-13,80804127,C816,747
2026-02-13,80804127,C819,22
2026-02-13,80804127,C937,14
2026-02-13,80804127,D767,0
2026-02-13,80804127,E556,6
2026-02-13,80804127,E564,9
2026-02-13,80804127,E568,1
2026-02-13,80804127,E569,5
2026-02-13,80804128,A668,136
2026-02-13,80804128,A672,864
2026-02-13,80804128,A673,542
2026-02-13,80804128,A680,64
2026-02-13,80804128,A715,129
2026-02-13,80804128,A716,75
2026-02-13,80804128,C810,12
2026-02-13,80804128,C816,243
2026-02-13,80804128,C819,7
2026-02-13,80804128,C937,15
2026-02-13,80804128,D767,8
2026-02-13,80804128,D901,5
2026-02-13,80804128,E556,19
2026-02-13,80804128,E564,13
2026-02-13,80804128,E568,3
2026-02-13,80804128,E569,14
2026-02-13,80804129,A668,67
2026-02-13,80804129,A672,296
2026-02-13,80804129,A673,326
2026-02-13,80804129,A680,180
2026-02-13,80804129,A715,98
2026-02-13,80804129,A716,185
2026-02-13,80804129,C810,0
2026-02-13,80804129,C816,381
2026-02-13,80804129,C819,18
2026-02-13,80804129,C937,13
2026-02-13,80804129,D767,13
2026-02-13,80804129,D901,18
2026-02-13,80804129,E556,36
2026-02-13,80804129,E564,8
2026-02-13,80804129,E568,7
2026-02-13,80804129,E569,8
2026-02-13,80804130,A668,86
2026-02-13,80804130,A672,879
2026-02-13,80804130,A673,356
2026-02-13,80804130,A680,61
2026-02-13,80804130,A715,100
2026-02-13,80804130,A716,36
2026-02-13,80804130,C810,3
2026-02-13,80804130,C816,106
2026-02-13,80804130,C819,5
2026-02-13,80804130,C937,7
2026-02-13,80804130,D767,13
2026-02-13,80804130,D901,5
2026-02-13,80804130,E556,15
2026-02-13,80804130,E564,24
2026-02-13,80804130,E568,4
2026-02-13,80804130,E569,7
2026-02-13,80804131,A668,173
2026-02-13,80804131,A672,305
2026-02-13,80804131,A673,535
2026-02-13,80804131,A680,369
2026-02-13,80804131,A715,8
2026-02-13,80804131,A716,8
2026-02-13,80804131,C816,351
2026-02-13,80804131,E556,0
2026-02-13,80804131,E569,0
2026-02-13,80804132,A668,638
2026-02-13,80804132,A672,807
2026-02-13,80804132,A673,2053
2026-02-13,80804132,A680,176
2026-02-13,80804132,A715,112
2026-02-13,80804132,A716,309
2026-02-13,80804132,C810,83
2026-02-13,80804132,C816,512
2026-02-13,80804132,C819,18
2026-02-13,80804132,C937,54
2026-02-13,80804132,D767,47
2026-02-13,80804132,D901,38
2026-02-13,80804132,E467,9
2026-02-13,80804132,E556,31
2026-02-13,80804132,E564,77
2026-02-13,80804132,E568,8
2026-02-13,80804132,E569,19
2026-02-13,80804133,A668,689
2026-02-13,80804133,A672,991
2026-02-13,80804133,A673,1554
2026-02-13,80804133,A680,365
2026-02-13,80804133,A715,91
2026-02-13,80804133,A716,387
2026-02-13,80804133,C810,52
2026-02-13,80804133,C816,495
2026-02-13,80804133,C819,46
2026-02-13,80804133,C937,49
2026-02-13,80804133,D767,38
2026-02-13,80804133,D901,193
2026-02-13,80804133,E467,22
2026-02-13,80804133,E556,11
2026-02-13,80804133,E564,112
2026-02-13,80804133,E568,6
2026-02-13,80804133,E569,23
2026-02-13,80804134,A668,268
2026-02-13,80804134,A672,537
2026-02-13,80804134,A673,1268
2026-02-13,80804134,A680,199
2026-02-13,80804134,A715,159
2026-02-13,80804134,A716,92
2026-02-13,80804134,C731,0
2026-02-13,80804134,C810,231
2026-02-13,80804134,C816,771
2026-02-13,80804134,C819,47
2026-02-13,80804134,C937,75
2026-02-13,80804134,D191,0
2026-02-13,80804134,D767,6
2026-02-13,80804134,D901,8
2026-02-13,80804134,E295,27
2026-02-13,80804134,E467,17
2026-02-13,80804134,E556,19
2026-02-13,80804134,E564,62
2026-02-13,80804134,E568,0
2026-02-13,80804134,E569,18
2026-02-13,80804135,A668,32
2026-02-13,80804135,A672,716
2026-02-13,80804135,A673,152
2026-02-13,80804135,A680,247
2026-02-13,80804135,A715,184
2026-02-13,80804135,A716,259
2026-02-13,80804135,C810,1
2026-02-13,80804135,C816,582
2026-02-13,80804135,C819,9
2026-02-13,80804135,C937,5
2026-02-13,80804135,D767,38
2026-02-13,80804135,D901,128
2026-02-13,80804135,E556,44
2026-02-13,80804135,E564,38
2026-02-13,80804135,E568,2
2026-02-13,80804135,E569,17
2026-02-13,80804136,A668,199
2026-02-13,80804136,A672,516
2026-02-13,80804136,A673,557
2026-02-13,80804136,A680,179
2026-02-13,80804136,A715,80
2026-02-13,80804136,A716,197
2026-02-13,80804136,C731,0
2026-02-13,80804136,C810,138
2026-02-13,80804136,C816,482
2026-02-13,80804136,C819,27
2026-02-13,80804136,C937,21
2026-02-13,80804136,D191,5
2026-02-13,80804136,D767,7
2026-02-13,80804136,D901,22
2026-02-13,80804136,E556,1
2026-02-13,80804136,E564,82
2026-02-13,80804136,E568,0
2026-02-13,80804136,E569,7
2026-02-13,80804137,A668,108
2026-02-13,80804137,A672,1204
2026-02-13,80804137,A673,511
2026-02-13,80804137,A680,74
2026-02-13,80804137,A715,97
2026-02-13,80804137,A716,72
2026-02-13,80804137,C810,7
2026-02-13,80804137,C816,166
2026-02-13,80804137,C819,7
2026-02-13,80804137,C937,22
2026-02-13,80804137,D767,22
2026-02-13,80804137,D901,10
2026-02-13,80804137,E556,23
2026-02-13,80804137,E564,40
2026-02-13,80804137,E568,3
2026-02-13,80804137,E569,17
2026-02-13,80804138,A668,163
2026-02-13,80804138,A672,1374
2026-02-13,80804138,A673,341
2026-02-13,80804138,A680,231
2026-02-13,80804138,A715,259
2026-02-13,80804138,A716,91
2026-02-13,80804138,C810,57
2026-02-13,80804138,C816,181
2026-02-13,80804138,C819,6
2026-02-13,80804138,C937,24
2026-02-13,80804138,D767,14
2026-02-13,80804138,D901,92
2026-02-13,80804138,E556,30
2026-02-13,80804138,E564,25
2026-02-13,80804138,E568,5
2026-02-13,80804138,E569,5
2026-02-13,80804698,A668,24
2026-02-13,80804698,A672,92
2026-02-13,80804698,A673,48
2026-02-13,80804698,A680,8
2026-02-13,80804698,A715,51
2026-02-13,80804698,A716,486
2026-02-13,80804698,C810,10
2026-02-13,80804698,C816,2472
2026-02-13,80804698,C819,9
2026-02-13,80804698,C937,7
2026-02-13,80804698,D191,0
2026-02-13,80804698,D767,8
2026-02-13,80804698,E556,12
2026-02-13,80804698,E564,24
2026-02-13,80804698,E568,0
2026-02-13,80804698,E569,5
2026-02-13,80804699,A668,14
2026-02-13,80804699,A672,30
2026-02-13,80804699,A673,59
2026-02-13,80804699,A680,17
2026-02-13,80804699,A715,70
2026-02-13,80804699,A716,98
2026-02-13,80804699,C810,80
2026-02-13,80804699,C816,276
2026-02-13,80804699,C937,3
2026-02-13,80804699,D767,5
2026-02-13,80804699,E556,9
2026-02-13,80804699,E564,4
2026-02-13,80804699,E568,0
2026-02-13,80804699,E569,4
2026-02-13,80804701,A668,61
2026-02-13,80804701,A672,124
2026-02-13,80804701,A673,341
2026-02-13,80804701,A680,36
2026-02-13,80804701,A715,1117
2026-02-13,80804701,A716,825
2026-02-13,80804701,C810,133
2026-02-13,80804701,C816,429
2026-02-13,80804701,C819,6
2026-02-13,80804701,C937,8
2026-02-13,80804701,D767,14
2026-02-13,80804701,D901,24
2026-02-13,80804701,E556,12
2026-02-13,80804701,E564,8
2026-02-13,80804701,E568,3
2026-02-13,80804701,E569,5
2026-02-13,80804702,A668,15
2026-02-13,80804702,A672,21
2026-02-13,80804702,A673,37
2026-02-13,80804702,A680,17
2026-02-13,80804702,A715,63
2026-02-13,80804702,A716,158
2026-02-13,80804702,C810,19
2026-02-13,80804702,C816,442
2026-02-13,80804702,C819,2
2026-02-13,80804702,C937,1
2026-02-13,80804702,D191,0
2026-02-13,80804702,D767,5
2026-02-13,80804702,E556,0
2026-02-13,80804702,E564,12
2026-02-13,80804702,E568,0
2026-02-13,80804702,E569,3
2026-02-13,80804703,A668,47
2026-02-13,80804703,A672,87
2026-02-13,80804703,A673,131
2026-02-13,80804703,A680,28
2026-02-13,80804703,A715,450
2026-02-13,80804703,A716,338
2026-02-13,80804703,C810,394
2026-02-13,80804703,C816,126
2026-02-13,80804703,C937,22
2026-02-13,80804703,D901,19
2026-02-13,80804703,E556,0
2026-02-13,80804703,E564,3
2026-02-13,80804703,E568,0
2026-02-13,80804703,E569,0
2026-02-13,80804704,A668,294
2026-02-13,80804704,A672,488
2026-02-13,80804704,A673,776
2026-02-13,80804704,A680,141
2026-02-13,80804704,A715,578
2026-02-13,80804704,A716,1156
2026-02-13,80804704,C563,23
2026-02-13,80804704,C810,279
2026-02-13,80804704,C816,610
2026-02-13,80804704,C819,5
2026-02-13,80804704,C937,73
2026-02-13,80804704,D191,1
2026-02-13,80804704,D767,66
2026-02-13,80804704,D901,21
2026-02-13,80804704,E295,103
2026-02-13,80804704,E556,19
2026-02-13,80804704,E564,113
2026-02-13,80804704,E568,0
2026-02-13,80804704,E569,21
2026-02-13,80804705,A668,102
2026-02-13,80804705,A672,294
2026-02-13,80804705,A673,593
2026-02-13,80804705,A680,123
2026-02-13,80804705,A715,378
2026-02-13,80804705,A716,2410
2026-02-13,80804705,C563,44
2026-02-13,80804705,C810,401
2026-02-13,80804705,C816,1096
2026-02-13,80804705,C819,42
2026-02-13,80804705,C937,36
2026-02-13,80804705,D767,46
2026-02-13,80804705,D901,159
2026-02-13,80804705,E467,13
2026-02-13,80804705,E556,17
2026-02-13,80804705,E564,44
2026-02-13,80804705,E568,9
2026-02-13,80804705,E569,27
2026-02-13,80804706,A668,36
2026-02-13,80804706,A672,23
2026-02-13,80804706,A673,113
2026-02-13,80804706,A680,33
2026-02-13,80804706,A715,419
2026-02-13,80804706,A716,216
2026-02-13,80804706,C810,182
2026-02-13,80804706,C816,896
2026-02-13,80804706,C937,4
2026-02-13,80804706,D901,12
2026-02-13,80804706,E556,0
2026-02-13,80804706,E564,3
2026-02-13,80804706,E568,0
2026-02-13,80804706,E569,0
2026-02-13,80805850,A668,10
2026-02-13,80805850,A672,40
2026-02-13,80805850,A673,89
2026-02-13,80805850,A680,66
2026-02-13,80805850,A715,12
2026-02-13,80805850,A716,35
2026-02-13,80805850,C816,43
2026-02-13,80805850,C937,0
2026-02-13,80805850,E556,3
2026-02-13,80805850,E564,3
2026-02-13,80805850,E569,2
2026-02-13,80805852,A668,24
2026-02-13,80805852,A672,45
2026-02-13,80805852,A673,118
2026-02-13,80805852,A680,50
2026-02-13,80805852,A715,16
2026-02-13,80805852,A716,41
2026-02-13,80805852,C816,38
2026-02-13,80805852,C937,2
2026-02-13,80805852,E556,4
2026-02-13,80805852,E564,0
2026-02-13,80805852,E569,3
2026-02-13,80805856,A668,263
2026-02-13,80805856,A672,652
2026-02-13,80805856,A673,830
2026-02-13,80805856,A680,109
2026-02-13,80805856,A715,165
2026-02-13,80805856,A716,102
2026-02-13,80805856,C810,66
2026-02-13,80805856,C816,351
2026-02-13,80805856,C819,3
2026-02-13,80805856,C937,15
2026-02-13,80805856,D767,7
2026-02-13,80805856,E556,0
2026-02-13,80805856,E564,35
2026-02-13,80805856,E568,4
2026-02-13,80805856,E569,7
2026-02-13,80807089,A668,26
2026-02-13,80807089,A672,799
2026-02-13,80807089,A673,312
2026-02-13,80807089,A680,94
2026-02-13,80807089,A715,162
2026-02-13,80807089,A716,414
2026-02-13,80807089,C810,231
2026-02-13,80807089,C816,1654
2026-02-13,80807089,C819,2
2026-02-13,80807089,C937,37
2026-02-13,80807089,D767,19
2026-02-13,80807089,D901,168
2026-02-13,80807089,E556,17
2026-02-13,80807089,E564,27
2026-02-13,80807089,E568,2
2026-02-13,80807089,E569,16
2026-02-13,80807090,A668,28
2026-02-13,80807090,A672,69
2026-02-13,80807090,A673,558
2026-02-13,80807090,A680,21
2026-02-13,80807090,A715,57
2026-02-13,80807090,A716,15
2026-02-13,80807090,C810,50
2026-02-13,80807090,C816,132
2026-02-13,80807090,C937,5
2026-02-13,80807090,D901,4
2026-02-13,80807090,E556,4
2026-02-13,80807090,E564,10
2026-02-13,80807090,E568,0
2026-02-13,80807090,E569,3
2026-02-13,80807091,A668,181
2026-02-13,80807091,A672,268
2026-02-13,80807091,A673,236
2026-02-13,80807091,A680,98
2026-02-13,80807091,A715,28
2026-02-13,80807091,A716,97
2026-02-13,80807091,C810,1641
2026-02-13,80807091,C816,139
2026-02-13,80807091,C819,5
2026-02-13,80807091,C937,22
2026-02-13,80807091,D767,31
2026-02-13,80807091,D901,57
2026-02-13,80807091,E556,9
2026-02-13,80807091,E564,66
2026-02-13,80807091,E568,6
2026-02-13,80807091,E569,16
2026-02-13,80807092,A668,84
2026-02-13,80807092,A672,976
2026-02-13,80807092,A673,119
2026-02-13,80807092,A680,37
2026-02-13,80807092,A715,144
2026-02-13,80807092,A716,106
2026-02-13,80807092,C810,5
2026-02-13,80807092,C816,181
2026-02-13,80807092,C819,4
2026-02-13,80807092,C937,7
2026-02-13,80807092,D767,9
2026-02-13,80807092,D901,51
2026-02-13,80807092,E556,15
2026-02-13,80807092,E564,33
2026-02-13,80807092,E568,4
2026-02-13,80807092,E569,21
2026-02-13,80807093,A668,6
2026-02-13,80807093,A672,325
2026-02-13,80807093,A673,113
2026-02-13,80807093,A680,8
2026-02-13,80807093,A715,60
2026-02-13,80807093,A716,265
2026-02-13,80807093,C810,46
2026-02-13,80807093,C816,435
2026-02-13,80807093,C937,7
2026-02-13,80807093,D901,9
2026-02-13,80807093,E556,4
2026-02-13,80807093,E564,20
2026-02-13,80807093,E568,0
2026-02-13,80807093,E569,1
2026-02-13,80807095,A668,139
2026-02-13,80807095,A672,429
2026-02-13,80807095,A673,566
2026-02-13,80807095,A680,150
2026-02-13,80807095,A715,322
2026-02-13,80807095,A716,65
2026-02-13,80807095,C731,0
2026-02-13,80807095,C810,54
2026-02-13,80807095,C816,445
2026-02-13,80807095,C819,42
2026-02-13,80807095,C937,44
2026-02-13,80807095,D767,31
2026-02-13,80807095,D901,216
2026-02-13,80807095,E546,0
2026-02-13,80807095,E556,0
2026-02-13,80807095,E564,80
2026-02-13,80807095,E568,14
2026-02-13,80807095,E569,25
2026-02-13,80807096,A668,19
2026-02-13,80807096,A672,388
2026-02-13,80807096,A673,0
2026-02-13,80807096,A680,15
2026-02-13,80807096,A715,113
2026-02-13,80807096,A716,57
2026-02-13,80807096,C731,0
2026-02-13,80807096,C816,199
2026-02-13,80807096,C819,12
2026-02-13,80807096,C937,2
2026-02-13,80807096,D767,0
2026-02-13,80807096,D901,0
2026-02-13,80807096,E556,25
2026-02-13,80807096,E564,6
2026-02-13,80807096,E569,7
2026-02-13,80807097,A668,48
2026-02-13,80807097,A672,1140
2026-02-13,80807097,A673,171
2026-02-13,80807097,A680,52
2026-02-13,80807097,A715,25
2026-02-13,80807097,A716,15
2026-02-13,80807097,C810,1
2026-02-13,80807097,C816,273
2026-02-13,80807097,C819,2
2026-02-13,80807097,C937,3
2026-02-13,80807097,D767,9
2026-02-13,80807097,D901,66
2026-02-13,80807097,E556,11
2026-02-13,80807097,E564,5
2026-02-13,80807097,E569,4
2026-02-13,80807100,A668,164
2026-02-13,80807100,A672,1953
2026-02-13,80807100,A673,683
2026-02-13,80807100,A680,77
2026-02-13,80807100,A715,582
2026-02-13,80807100,A716,84
2026-02-13,80807100,C731,0
2026-02-13,80807100,C810,24
2026-02-13,80807100,C816,346
2026-02-13,80807100,C819,5
2026-02-13,80807100,C937,4
2026-02-13,80807100,D767,34
2026-02-13,80807100,D901,92
2026-02-13,80807100,E556,71
2026-02-13,80807100,E564,64
2026-02-13,80807100,E568,2
2026-02-13,80807100,E569,9
2026-02-13,80807102,A668,289
2026-02-13,80807102,A672,1933
2026-02-13,80807102,A673,853
2026-02-13,80807102,A680,285
2026-02-13,80807102,A715,47
2026-02-13,80807102,A716,339
2026-02-13,80807102,C731,0
2026-02-13,80807102,C810,50
2026-02-13,80807102,C816,314
2026-02-13,80807102,C819,4
2026-02-13,80807102,C937,12
2026-02-13,80807102,D767,17
2026-02-13,80807102,D901,125
2026-02-13,80807102,E556,13
2026-02-13,80807102,E564,197
2026-02-13,80807102,E568,4
2026-02-13,80807102,E569,18
2026-02-13,80807105,A668,338
2026-02-13,80807105,A672,250
2026-02-13,80807105,A673,942
2026-02-13,80807105,A680,69
2026-02-13,80807105,A715,36
2026-02-13,80807105,A716,84
2026-02-13,80807105,C731,0
2026-02-13,80807105,C810,38
2026-02-13,80807105,C816,503
2026-02-13,80807105,C819,12
2026-02-13,80807105,C937,0
2026-02-13,80807105,D191,7
2026-02-13,80807105,D767,53
2026-02-13,80807105,D901,43
2026-02-13,80807105,E467,17
2026-02-13,80807105,E556,8
2026-02-13,80807105,E564,50
2026-02-13,80807105,E568,4
2026-02-13,80807105,E569,24
2026-02-13,80807110,A668,541
2026-02-13,80807110,A672,2473
2026-02-13,80807110,A673,922
2026-02-13,80807110,A680,377
2026-02-13,80807110,A715,540
2026-02-13,80807110,A716,350
2026-02-13,80807110,C731,0
2026-02-13,80807110,C810,103
2026-02-13,80807110,C816,332
2026-02-13,80807110,C819,55
2026-02-13,80807110,C937,29
2026-02-13,80807110,D767,74
2026-02-13,80807110,D901,260
2026-02-13,80807110,E546,0
2026-02-13,80807110,E556,32
2026-02-13,80807110,E564,81
2026-02-13,80807110,E568,12
2026-02-13,80807110,E569,43
2026-02-13,80807112,A668,188
2026-02-13,80807112,A672,1402
2026-02-13,80807112,A673,759
2026-02-13,80807112,A680,148
2026-02-13,80807112,A715,168
2026-02-13,80807112,A716,268
2026-02-13,80807112,C731,0
2026-02-13,80807112,C810,17
2026-02-13,80807112,C816,207
2026-02-13,80807112,C819,16
2026-02-13,80807112,C937,22
2026-02-13,80807112,D767,21
2026-02-13,80807112,D901,103
2026-02-13,80807112,E556,23
2026-02-13,80807112,E564,49
2026-02-13,80807112,E568,4
2026-02-13,80807112,E569,18
2026-02-13,80807113,A668,221
2026-02-13,80807113,A672,467
2026-02-13,80807113,A673,182
2026-02-13,80807113,A680,167
2026-02-13,80807113,A715,101
2026-02-13,80807113,A716,519
2026-02-13,80807113,C731,0
2026-02-13,80807113,C810,152
2026-02-13,80807113,C816,1780
2026-02-13,80807113,C819,6
2026-02-13,80807113,C937,26
2026-02-13,80807113,D767,45
2026-02-13,80807113,D901,31
2026-02-13,80807113,E556,9
2026-02-13,80807113,E564,79
2026-02-13,80807113,E568,4
2026-02-13,80807113,E569,15
2026-02-13,80807114,A668,102
2026-02-13,80807114,A672,248
2026-02-13,80807114,A673,776
2026-02-13,80807114,A680,45
2026-02-13,80807114,A715,114
2026-02-13,80807114,A716,45
2026-02-13,80807114,C810,495
2026-02-13,80807114,C816,1332
2026-02-13,80807114,C819,2
2026-02-13,80807114,D767,16
2026-02-13,80807114,D901,35
2026-02-13,80807114,E556,0
2026-02-13,80807114,E564,45
2026-02-13,80807114,E568,2
2026-02-13,80807114,E569,15
2026-02-13,80807115,A668,400
2026-02-13,80807115,A672,339
2026-02-13,80807115,A673,905
2026-02-13,80807115,A680,117
2026-02-13,80807115,A715,58
2026-02-13,80807115,A716,200
2026-02-13,80807115,C731,0
2026-02-13,80807115,C810,60
2026-02-13,80807115,C816,384
2026-02-13,80807115,C819,38
2026-02-13,80807115,C937,38
2026-02-13,80807115,D191,5
2026-02-13,80807115,D767,0
2026-02-13,80807115,D901,65
2026-02-13,80807115,E556,32
2026-02-13,80807115,E564,50
2026-02-13,80807115,E568,5
2026-02-13,80807115,E569,41
2026-02-13,80807116,A668,840
2026-02-13,80807116,A672,1478
2026-02-13,80807116,A673,1430
2026-02-13,80807116,A680,715
2026-02-13,80807116,A715,65
2026-02-13,80807116,A716,132
2026-02-13,80807116,C563,22
2026-02-13,80807116,C731,0
2026-02-13,80807116,C810,148
2026-02-13,80807116,C816,431
2026-02-13,80807116,C819,15
2026-02-13,80807116,C937,28
2026-02-13,80807116,D191,0
2026-02-13,80807116,D767,77
2026-02-13,80807116,D901,235
2026-02-13,80807116,E556,22
2026-02-13,80807116,E564,188
2026-02-13,80807116,E568,6
2026-02-13,80807116,E569,24
2026-02-13,80807117,A668,4
2026-02-13,80807117,A672,16
2026-02-13,80807117,A673,101
2026-02-13,80807117,A680,4
2026-02-13,80807117,A715,196
2026-02-13,80807117,A716,14
2026-02-13,80807117,C810,2
2026-02-13,80807117,C816,219
2026-02-13,80807117,C937,0
2026-02-13,80807117,E564,0
2026-02-13,80807118,A668,73
2026-02-13,80807118,A672,435
2026-02-13,80807118,A673,322
2026-02-13,80807118,A680,97
2026-02-13,80807118,A715,342
2026-02-13,80807118,A716,241
2026-02-13,80807118,C731,0
2026-02-13,80807118,C810,2477
2026-02-13,80807118,C816,249
2026-02-13,80807118,C819,17
2026-02-13,80807118,C937,14
2026-02-13,80807118,D767,19
2026-02-13,80807118,D901,139
2026-02-13,80807118,E556,41
2026-02-13,80807118,E564,37
2026-02-13,80807118,E568,6
2026-02-13,80807118,E569,21
2026-02-13,80807119,A668,203
2026-02-13,80807119,A672,1139
2026-02-13,80807119,A673,181
2026-02-13,80807119,A680,83
2026-02-13,80807119,A715,149
2026-02-13,80807119,A716,57
2026-02-13,80807119,C810,9
2026-02-13,80807119,C816,86
2026-02-13,80807119,C819,6
2026-02-13,80807119,C937,7
2026-02-13,80807119,D767,14
2026-02-13,80807119,D901,99
2026-02-13,80807119,E556,28
2026-02-13,80807119,E564,21
2026-02-13,80807119,E568,5
2026-02-13,80807119,E569,0
2026-02-13,80807120,A668,348
2026-02-13,80807120,A672,703
2026-02-13,80807120,A673,455
2026-02-13,80807120,A680,202
2026-02-13,80807120,A715,61
2026-02-13,80807120,A716,76
2026-02-13,80807120,C563,29
2026-02-13,80807120,C810,64
2026-02-13,80807120,C816,238
2026-02-13,80807120,C819,49
2026-02-13,80807120,C937,15
2026-02-13,80807120,D767,16
2026-02-13,80807120,D901,87
2026-02-13,80807120,E556,17
2026-02-13,80807120,E564,36
2026-02-13,80807120,E568,2
2026-02-13,80807120,E569,20
2026-02-13,80807122,A668,13
2026-02-13,80807122,A672,438
2026-02-13,80807122,A673,39
2026-02-13,80807122,A680,7
2026-02-13,80807122,A715,147
2026-02-13,80807122,A716,102
2026-02-13,80807122,C810,1
2026-02-13,80807122,C816,625
2026-02-13,80807122,C819,1
2026-02-13,80807122,C937,2
2026-02-13,80807122,E564,3
2026-02-13,80807122,E569,9
2026-02-13,80812099,A668,23
2026-02-13,80812099,A672,104
2026-02-13,80812099,A673,158
2026-02-13,80812099,A680,93
2026-02-13,80812099,A715,18
2026-02-13,80812099,A716,64
2026-02-13,80812099,C816,68
2026-02-13,80812099,C937,0
2026-02-13,80812099,E556,13
2026-02-13,80812099,E564,6
2026-02-13,80812099,E569,5
2026-02-13,80812103,A668,16
2026-02-13,80812103,A672,72
2026-02-13,80812103,A673,83
2026-02-13,80812103,A680,71
2026-02-13,80812103,A715,17
2026-02-13,80812103,A716,33
2026-02-13,80812103,C816,109
2026-02-13,80812103,C937,2
2026-02-13,80812103,E556,16
2026-02-13,80812103,E564,16
2026-02-13,80812103,E569,11
2026-02-13,80812110,A668,16
2026-02-13,80812110,A672,50
2026-02-13,80812110,A673,109
2026-02-13,80812110,A680,62
2026-02-13,80812110,A715,21
2026-02-13,80812110,A716,97
2026-02-13,80812110,C816,96
2026-02-13,80812110,C937,3
2026-02-13,80812110,E556,1
2026-02-13,80812110,E564,0
2026-02-13,80812110,E569,3
2026-02-13,80812154,A668,32
2026-02-13,80812154,A672,779
2026-02-13,80812154,A673,340
2026-02-13,80812154,A680,88
2026-02-13,80812154,A715,228
2026-02-13,80812154,A716,42
2026-02-13,80812154,C816,65
2026-02-13,80812154,C819,4
2026-02-13,80812154,D767,14
2026-02-13,80812154,E556,21
2026-02-13,80812154,E568,2
2026-02-13,80812154,E569,8
2026-02-13,80812338,A668,11
2026-02-13,80812338,A672,32
2026-02-13,80812338,A673,111
2026-02-13,80812338,A680,75
2026-02-13,80812338,A715,6
2026-02-13,80812338,C816,64
2026-02-13,80812338,C937,3
2026-02-13,80812338,E556,4
2026-02-13,80812338,E564,3
2026-02-13,80812338,E569,4
2026-02-13,80812839,A668,345
2026-02-13,80812839,A672,372
2026-02-13,80812839,A673,885
2026-02-13,80812839,A680,163
2026-02-13,80812839,A715,71
2026-02-13,80812839,A716,21
2026-02-13,80812839,C810,18
2026-02-13,80812839,C816,150
2026-02-13,80812839,C819,7
2026-02-13,80812839,C937,6
2026-02-13,80812839,D767,2
2026-02-13,80812839,E556,4
2026-02-13,80812839,E564,30
2026-02-13,80812839,E568,0
2026-02-13,80812839,E569,10
2026-02-13,80812840,A668,623
2026-02-13,80812840,A672,2310
2026-02-13,80812840,A673,2032
2026-02-13,80812840,A680,336
2026-02-13,80812840,A715,341
2026-02-13,80812840,A716,296
2026-02-13,80812840,C810,33
2026-02-13,80812840,C816,533
2026-02-13,80812840,C819,6
2026-02-13,80812840,C937,14
2026-02-13,80812840,D767,76
2026-02-13,80812840,E556,48
2026-02-13,80812840,E564,32
2026-02-13,80812840,E568,15
2026-02-13,80812840,E569,6
2026-02-13,80812841,A668,218
2026-02-13,80812841,A672,1406
2026-02-13,80812841,A673,1154
2026-02-13,80812841,A680,228
2026-02-13,80812841,A715,384
2026-02-13,80812841,A716,232
2026-02-13,80812841,C810,100
2026-02-13,80812841,C816,618
2026-02-13,80812841,C819,0
2026-02-13,80812841,C937,19
2026-02-13,80812841,D767,2
2026-02-13,80812841,E556,36
2026-02-13,80812841,E564,48
2026-02-13,80812841,E568,19
2026-02-13,80812841,E569,39
2026-02-13,80812845,A668,1046
2026-02-13,80812845,A672,622
2026-02-13,80812845,A673,2242
2026-02-13,80812845,A680,616
2026-02-13,80812845,A715,155
2026-02-13,80812845,A716,245
2026-02-13,80812845,C563,18
2026-02-13,80812845,C731,0
2026-02-13,80812845,C810,240
2026-02-13,80812845,C816,477
2026-02-13,80812845,C819,81
2026-02-13,80812845,C937,77
2026-02-13,80812845,D191,0
2026-02-13,80812845,D767,84
2026-02-13,80812845,D901,276
2026-02-13,80812845,E295,30
2026-02-13,80812845,E467,35
2026-02-13,80812845,E556,32
2026-02-13,80812845,E564,91
2026-02-13,80812845,E568,7
2026-02-13,80812845,E569,16
2026-02-13,80812846,A668,307
2026-02-13,80812846,A672,2451
2026-02-13,80812846,A673,600
2026-02-13,80812846,A680,140
2026-02-13,80812846,A715,346
2026-02-13,80812846,A716,103
2026-02-13,80812846,C731,0
2026-02-13,80812846,C810,51
2026-02-13,80812846,C816,251
2026-02-13,80812846,C819,3
2026-02-13,80812846,C937,24
2026-02-13,80812846,D767,34
2026-02-13,80812846,D901,144
2026-02-13,80812846,E556,42
2026-02-13,80812846,E564,36
2026-02-13,80812846,E568,17
2026-02-13,80812846,E569,28
2026-02-13,80823707,A668,0
2026-02-13,80823707,A672,7
2026-02-13,80823707,A673,17
2026-02-13,80823707,A680,4
2026-02-13,80823707,A715,0
2026-02-13,80823707,A716,0
2026-02-13,80823707,C816,4
2026-02-13,80831181,D767,0
2026-02-13,80831843,A672,475
2026-02-13,80831843,A673,188
2026-02-13,80831843,A715,347
2026-02-13,80831843,C816,2
2026-02-13,80831843,D901,81
2026-02-13,80838161,A672,0
2026-02-13,80838161,A673,6
2026-02-13,80838161,A716,3
2026-02-13,80838161,C816,5
2026-02-13,80838162,A672,666
2026-02-13,80838162,A673,628
2026-02-13,80838162,A680,634
2026-02-13,80838162,A716,218
2026-02-13,80838162,C816,161
2026-02-13,80838162,E564,6
2026-02-13,80838162,E569,2
2026-02-13,80838163,A672,4
2026-02-13,80838163,A673,3
2026-02-13,80838163,A680,3
2026-02-13,80838163,A716,0
2026-02-13,80838163,C816,5
2026-02-13,80838164,A672,426
2026-02-13,80838164,A673,928
2026-02-13,80838164,A680,677
2026-02-13,80838164,A716,199
2026-02-13,80838164,C816,692
2026-02-13,80838164,C937,5
2026-02-13,80838164,E564,11
2026-02-13,80838164,E569,2
2026-02-13,80838165,A672,93
2026-02-13,80838165,A673,91
2026-02-13,80838165,A680,82
2026-02-13,80838165,A716,55
2026-02-13,80838165,C816,48
2026-02-13,80838165,C937,3
2026-02-13,80838165,E564,31
2026-02-13,80838165,E569,4
2026-02-13,80839736,A672,0
2026-02-13,80839736,A715,0
2026-02-13,80839736,E556,0
2026-02-13,80840975,A668,70
2026-02-13,80840975,A672,537
2026-02-13,80840975,A673,206
2026-02-13,80840975,A680,231
2026-02-13,80840975,A715,176
2026-02-13,80840975,A716,96
2026-02-13,80840975,C816,434
2026-02-13,80840975,C819,6
2026-02-13,80840975,C937,3
2026-02-13,80840975,D767,8
2026-02-13,80840975,E556,12
2026-02-13,80840975,E564,8
2026-02-13,80840975,E568,3
2026-02-13,80840975,E569,12
2026-02-13,80840976,A668,65
2026-02-13,80840976,A672,473
2026-02-13,80840976,A673,244
2026-02-13,80840976,A680,387
2026-02-13,80840976,A715,182
2026-02-13,80840976,A716,207
2026-02-13,80840976,C816,1136
2026-02-13,80840976,C819,7
2026-02-13,80840976,C937,7
2026-02-13,80840976,D767,10
2026-02-13,80840976,D901,27
2026-02-13,80840976,E556,6
2026-02-13,80840976,E568,4
2026-02-13,80840976,E569,9
2026-02-13,80847595,A673,0
2026-02-13,80848021,A668,11
2026-02-13,80848021,A672,75
2026-02-13,80848021,A673,365
2026-02-13,80848021,A680,5
2026-02-13,80848021,A715,47
2026-02-13,80848021,A716,829
2026-02-13,80848021,C810,41
2026-02-13,80848021,C816,97
2026-02-13,80848021,C819,5
2026-02-13,80848021,C937,2
2026-02-13,80848021,D767,3
2026-02-13,80848021,D901,94
2026-02-13,80848022,A668,423
2026-02-13,80848022,A672,812
2026-02-13,80848022,A673,944
2026-02-13,80848022,A680,819
2026-02-13,80848022,A715,294
2026-02-13,80848022,A716,132
2026-02-13,80848022,C731,0
2026-02-13,80848022,C810,35
2026-02-13,80848022,C816,807
2026-02-13,80848022,C937,64
2026-02-13,80848022,D767,15
2026-02-13,80848022,D901,128
2026-02-13,80848022,E467,6
2026-02-13,80848022,E556,16
2026-02-13,80848022,E568,3
2026-02-13,80848022,E569,38
2026-02-13,80848023,A668,386
2026-02-13,80848023,A672,751
2026-02-13,80848023,A673,1129
2026-02-13,80848023,A680,270
2026-02-13,80848023,A715,234
2026-02-13,80848023,A716,202
2026-02-13,80848023,C810,0
2026-02-13,80848023,C816,749
2026-02-13,80848023,C819,0
2026-02-13,80848023,C937,0
2026-02-13,80848023,D767,5
2026-02-13,80848023,D901,225
2026-02-13,80848023,E556,4
2026-02-13,80848023,E568,17
2026-02-13,80848023,E569,32
2026-02-13,80848024,A668,445
2026-02-13,80848024,A672,337
2026-02-13,80848024,A673,325
2026-02-13,80848024,A680,113
2026-02-13,80848024,A715,53
2026-02-13,80848024,A716,63
2026-02-13,80848024,C816,256
2026-02-13,80848024,C819,30
2026-02-13,80848024,C937,3
2026-02-13,80848024,E568,0
2026-02-13,80848025,A668,75
2026-02-13,80848025,A672,1582
2026-02-13,80848025,A673,276
2026-02-13,80848025,A680,14
2026-02-13,80848025,A715,251
2026-02-13,80848025,A716,102
2026-02-13,80848025,C810,61
2026-02-13,80848025,C816,954
2026-02-13,80848025,C937,15
2026-02-13,80848025,D767,10
2026-02-13,80848025,D901,19
2026-02-13,80848025,E467,12
2026-02-13,80848025,E556,9
2026-02-13,80848025,E568,15
2026-02-13,80848025,E569,13
2026-02-13,80848026,A668,642
2026-02-13,80848026,A672,725
2026-02-13,80848026,A673,2669
2026-02-13,80848026,A680,969
2026-02-13,80848026,A715,490
2026-02-13,80848026,A716,204
2026-02-13,80848026,C563,4
2026-02-13,80848026,C731,0
2026-02-13,80848026,C810,461
2026-02-13,80848026,C816,1636
2026-02-13,80848026,C819,0
2026-02-13,80848026,C937,112
2026-02-13,80848026,D191,0
2026-02-13,80848026,D767,73
2026-02-13,80848026,D901,139
2026-02-13,80848026,E295,51
2026-02-13,80848026,E467,12
2026-02-13,80848026,E556,6
2026-02-13,80848026,E568,14
2026-02-13,80848026,E569,61
2026-02-13,80848027,A668,38
2026-02-13,80848027,A672,209
2026-02-13,80848027,A673,151
2026-02-13,80848027,A680,58
2026-02-13,80848027,A715,84
2026-02-13,80848027,A716,11
2026-02-13,80848027,C816,49
2026-02-13,80848027,C937,4
2026-02-13,80848027,D901,19
2026-02-13,80848027,E556,1
2026-02-13,80848027,E564,4
2026-02-13,80848027,E568,0
2026-02-13,80848028,A668,347
2026-02-13,80848028,A672,964
2026-02-13,80848028,A673,1490
2026-02-13,80848028,A680,231
2026-02-13,80848028,A715,183
2026-02-13,80848028,A716,125
2026-02-13,80848028,C731,0
2026-02-13,80848028,C810,92
2026-02-13,80848028,C816,573
2026-02-13,80848028,C937,42
2026-02-13,80848028,D767,7
2026-02-13,80848028,D901,59
2026-02-13,80848028,E467,5
2026-02-13,80848028,E556,11
2026-02-13,80848028,E568,28
2026-02-13,80848028,E569,53
2026-02-13,80848029,A668,273
2026-02-13,80848029,A672,1076
2026-02-13,80848029,A673,446
2026-02-13,80848029,A680,151
2026-02-13,80848029,A715,283
2026-02-13,80848029,A716,67
2026-02-13,80848029,C810,33
2026-02-13,80848029,C816,582
2026-02-13,80848029,C819,0
2026-02-13,80848029,C937,38
2026-02-13,80848029,D191,0
2026-02-13,80848029,D767,8
2026-02-13,80848029,D901,136
2026-02-13,80848029,E295,65
2026-02-13,80848029,E467,10
2026-02-13,80848029,E556,0
2026-02-13,80848029,E568,6
2026-02-13,80848029,E569,6
2026-02-13,80848030,A668,0
2026-02-13,80848030,A672,0
2026-02-13,80848030,A673,0
2026-02-13,80848030,A680,0
2026-02-13,80848030,A715,0
2026-02-13,80848030,A716,0
2026-02-13,80848030,C816,0
2026-02-13,80848030,C937,0
2026-02-13,80848030,D901,0
2026-02-13,80848030,E569,0
2026-02-13,80848031,A668,13
2026-02-13,80848031,A672,627
2026-02-13,80848031,A673,61
2026-02-13,80848031,A680,18
2026-02-13,80848031,A715,1152
2026-02-13,80848031,A716,170
2026-02-13,80848031,C810,0
2026-02-13,80848031,C816,1211
2026-02-13,80848031,C937,0
2026-02-13,80848031,D767,0
2026-02-13,80848031,D901,6
2026-02-13,80848031,E556,4
2026-02-13,80848031,E564,4
2026-02-13,80848031,E568,0
2026-02-13,80848031,E569,20
2026-02-13,80851898,A668,9
2026-02-13,80851898,A672,1233
2026-02-13,80851898,A673,297
2026-02-13,80851898,A680,137
2026-02-13,80851898,A715,276
2026-02-13,80851898,A716,230
2026-02-13,80851898,C816,227
2026-02-13,80851898,C819,32
2026-02-13,80851898,C937,0
2026-02-13,80851898,D767,1
2026-02-13,80851898,E556,3
2026-02-13,80851898,E568,9
2026-02-13,80851898,E569,4
2026-02-13,80852695,A668,0
2026-02-13,80852695,A672,0
2026-02-13,80852695,A673,0
2026-02-13,80852695,A680,0
2026-02-13,80852695,A715,2
2026-02-13,80852695,A716,4
2026-02-13,80852695,C816,0
2026-02-13,80854083,A668,0
2026-02-13,80854083,A672,0
2026-02-13,80854083,A673,85
2026-02-13,80854083,A680,0
2026-02-13,80854083,A715,0
2026-02-13,80854083,A716,2
2026-02-13,80854083,C816,34
2026-02-13,80854083,C937,3
2026-02-13,80854083,E568,1
2026-02-13,80857738,A668,2
2026-02-13,80857738,A672,5
2026-02-13,80857738,A673,8
2026-02-13,80857738,A680,2
2026-02-13,80857738,A715,0
2026-02-13,80857738,A716,0
2026-02-13,80857738,C816,1331
2026-02-13,80857738,C937,0
2026-02-13,80857738,E569,0
2026-02-13,80863643,A668,297
2026-02-13,80863643,A672,635
2026-02-13,80863643,A673,570
2026-02-13,80863643,A680,212
2026-02-13,80863643,A715,17
2026-02-13,80863643,A716,11
2026-02-13,80863643,C810,12
2026-02-13,80863643,C816,278
2026-02-13,80863643,E295,306
2026-02-13,80863645,A668,363
2026-02-13,80863645,A672,599
2026-02-13,80863645,A673,1049
2026-02-13,80863645,A680,235
2026-02-13,80863645,A715,109
2026-02-13,80863645,A716,61
2026-02-13,80863645,C816,357
2026-02-13,80863645,C937,4
2026-02-13,80863645,E569,0
2026-02-13,80863646,A668,119
2026-02-13,80863646,A672,309
2026-02-13,80863646,A673,360
2026-02-13,80863646,A680,114
2026-02-13,80863646,A715,62
2026-02-13,80863646,A716,37
2026-02-13,80863646,C816,196
2026-02-13,80863646,C937,3
2026-02-13,80863646,E569,0
2026-02-13,80864469,A668,46
2026-02-13,80864469,A672,144
2026-02-13,80864469,A673,372
2026-02-13,80864469,A680,0
2026-02-13,80864469,A715,188
2026-02-13,80864469,A716,369
2026-02-13,80864469,C810,118
2026-02-13,80864469,C816,191
2026-02-13,80864469,C819,0
2026-02-13,80864469,C937,6
2026-02-13,80864469,D767,20
2026-02-13,80864469,E467,16
2026-02-13,80864469,E556,20
2026-02-13,80864469,E568,7
2026-02-13,80864469,E569,5
2026-02-13,80864470,A668,119
2026-02-13,80864470,A672,202
2026-02-13,80864470,A673,1073
2026-02-13,80864470,A680,145
2026-02-13,80864470,A715,90
2026-02-13,80864470,A716,90
2026-02-13,80864470,C810,93
2026-02-13,80864470,C816,292
2026-02-13,80864470,C819,14
2026-02-13,80864470,C937,3
2026-02-13,80864470,D767,16
2026-02-13,80864470,E467,6
2026-02-13,80864470,E556,4
2026-02-13,80864470,E568,7
2026-02-13,80864470,E569,2
2026-02-13,80865910,A672,430
2026-02-13,80865910,A673,2377
2026-02-13,80865910,A715,0
2026-02-13,80865910,C816,4
2026-02-13,80865910,C937,2
2026-02-13,80868100,A668,14
2026-02-13,80868100,A672,47
2026-02-13,80868100,A673,62
2026-02-13,80868100,A680,13
2026-02-13,80868100,A715,90
2026-02-13,80868100,A716,82
2026-02-13,80868100,C810,8
2026-02-13,80868100,C816,429
2026-02-13,80868100,C937,4
2026-02-13,80868100,E568,0
2026-02-13,80868101,A668,19
2026-02-13,80868101,A672,662
2026-02-13,80868101,A673,83
2026-02-13,80868101,A680,23
2026-02-13,80868101,A715,218
2026-02-13,80868101,A716,124
2026-02-13,80868101,C810,5
2026-02-13,80868101,C816,509
2026-02-13,80868101,C937,4
2026-02-13,80868101,E569,0
2026-02-13,80868102,A668,20
2026-02-13,80868102,A672,865
2026-02-13,80868102,A673,71
2026-02-13,80868102,A680,37
2026-02-13,80868102,A715,277
2026-02-13,80868102,A716,245
2026-02-13,80868102,C810,2
2026-02-13,80868102,C816,469
2026-02-13,80868102,C937,4
2026-02-13,80868102,E568,0
2026-02-13,80868102,E569,0
2026-02-13,80884845,A668,8
2026-02-13,80884845,A672,40
2026-02-13,80884845,A673,41
2026-02-13,80884845,A680,17
2026-02-13,80884845,A715,179
2026-02-13,80884845,A716,252
2026-02-13,80884845,C816,232
2026-02-13,80884846,A668,7
2026-02-13,80884846,A672,2
2026-02-13,80884846,A673,24
2026-02-13,80884846,A680,11
2026-02-13,80884846,A715,91
2026-02-13,80884846,A716,97
2026-02-13,80884846,C816,196
2026-02-13,80884848,A668,11
2026-02-13,80884848,A672,9
2026-02-13,80884848,A673,43
2026-02-13,80884848,A680,19
2026-02-13,80884848,A715,167
2026-02-13,80884848,A716,158
2026-02-13,80884848,C816,311
2026-02-13,80884850,A668,119
2026-02-13,80884850,A672,339
2026-02-13,80884850,A673,460
2026-02-13,80884850,A680,122
2026-02-13,80884850,A715,101
2026-02-13,80884850,A716,146
2026-02-13,80884850,C816,192
2026-02-13,80884852,A668,18
2026-02-13,80884852,A672,306
2026-02-13,80884852,A673,83
2026-02-13,80884852,A680,0
2026-02-13,80884852,A715,83
2026-02-13,80884852,A716,100
2026-02-13,80884852,C816,752
2026-02-13,80885919,A668,73
2026-02-13,80885919,A672,248
2026-02-13,80885919,A673,373
2026-02-13,80885919,A680,82
2026-02-13,80885919,A715,24
2026-02-13,80885919,A716,25
2026-02-13,80885919,C816,190
2026-02-13,80885920,A668,139
2026-02-13,80885920,A672,209
2026-02-13,80885920,A673,578
2026-02-13,80885920,A680,135
2026-02-13,80885920,A715,373
2026-02-13,80885920,A716,460
2026-02-13,80885920,C816,1088
2026-02-13,80885921,A668,94
2026-02-13,80885921,A672,208
2026-02-13,80885921,A673,346
2026-02-13,80885921,A680,81
2026-02-13,80885921,A715,26
2026-02-13,80885921,A716,20
2026-02-13,80885921,C816,163
2026-02-13,80891759,A668,0
2026-02-13,80891759,A672,0
2026-02-13,80891759,A673,0
2026-02-13,80891759,A680,0
2026-02-13,80891759,A715,0
2026-02-13,80891759,A716,0
2026-02-13,80891759,C810,2
2026-02-13,80891759,C816,0
2026-02-13,82326521,A668,0
2026-02-13,82326521,A672,0
2026-02-13,82326521,A673,0
2026-02-13,82326521,A680,0
2026-02-13,82326521,A715,0
2026-02-13,82326521,A716,0
2026-02-13,82326521,C810,0
2026-02-13,82326521,C816,0
2026-02-13,82326521,C819,0
2026-02-13,82326521,D767,0
2026-02-13,21301637,0386,1
2026-02-13,21291975,0386,1
2026-02-13,21143102,0386,3
2026-02-13,21357021,0386,4
2026-02-13,21416910,0386,1909
2026-02-13,21376841,0386,2
2026-02-13,21442422,0386,1
2026-02-13,21128067,0386,0
2026-02-13,21366842,0386,1
2026-02-13,21425098,0386,4137
2026-02-13,21425098,C816,38
2026-02-13,21428668,0386,0
2026-02-13,21165946,0386,2
2026-02-13,21170683,0386,0
2026-02-13,21419490,0386,1
2026-02-13,21143103,0386,844
2026-02-13,21143110,0386,0
2026-02-13,21165868,0386,0
2026-02-13,21139445,0386,1
2026-02-13,21307836,0386,0
2026-02-13,21377091,0386,4
2026-02-13,80807089,0386,1
2026-02-13,21414747,0386,1
2026-02-13,21121751,0386,0
2026-02-13,21098519,0386,123
2026-02-13,21463645,0386,2
2026-02-13,80805856,0386,2
2026-02-13,80851898,0386,0
2026-02-13,80812154,0386,0
2026-02-13,80812840,0386,0
2026-02-13,80884852,0386,1
2026-02-13,80807090,0386,1
2026-02-13,21419485,0386,1
2026-02-13,21127730,0386,717
2026-02-13,21118864,0386,4
2026-02-13,21472283,0386,1
2026-02-13,80812839,0386,0
2026-02-13,80812841,0386,3
2026-02-13,80807093,0386,1
2026-02-13,80807117,0386,0
2026-02-13,80812846,0386,0
2026-02-13,80812103,0386,3
2026-02-13,80807110,0386,0
2026-02-13,80807097,0386,0
2026-02-13,21155895,0386,1
2026-02-13,80807105,0386,1
2026-02-13,80812099,0386,4
2026-02-13,80807112,0386,0
2026-02-13,21103371,0386,0
2026-02-13,21121756,0386,0
2026-02-13,21171453,0386,0
2026-02-13,21170686,0386,0
2026-02-13,21151196,0386,0
2026-02-13,80884846,0386,1
2026-02-13,80804134,0386,2
2026-02-13,80804133,0386,0
2026-02-13,80864470,0386,1
2026-02-13,21113405,0386,813
2026-02-13,21170691,0386,0
2026-02-13,21132758,0386,0
2026-02-13,80884848,0386,1
2026-02-13,80804132,0386,0
2026-02-13,80807118,0386,3
2026-02-13,80805852,0386,0
2026-02-13,80805850,0386,3
2026-02-13,80804129,0386,0
2026-02-13,21442897,0386,0
2026-02-13,21442896,0386,0
2026-02-13,21315350,0386,3
2026-02-13,21325292,0386,0
2026-02-13,21314593,0386,0
2026-02-13,80807113,0386,0
2026-02-13,80864469,0386,0
2026-02-13,80807095,0386,0
2026-02-13,21422791,0386,2
2026-02-13,21103372,0386,0
2026-02-13,21133312,0386,0
2026-02-13,21162696,0386,0
2026-02-13,21128377,0386,17
2026-02-13,80884850,0386,3
2026-02-13,80804136,0386,1
2026-02-13,80804138,0386,0
2026-02-13,80812845,0386,0
2026-02-13,21377504,0386,2261
2026-02-13,21434946,0386,86
2026-02-13,21137866,0386,1
2026-02-13,21148509,0386,0
2026-02-13,80831843,0386,4386
2026-02-13,80848026,0386,2
2026-02-13,80807102,0386,0
2026-02-13,80807091,0386,0
2026-02-13,80807119,0386,0
2026-02-13,80804130,0386,0
2026-02-13,21314602,0386,3
2026-02-13,21434952,0386,3
2026-02-13,21352461,0386,4
2026-02-13,80863643,0386,0
2026-02-13,80793613,0386,0
2026-02-13,80795932,0386,3
2026-02-13,80804135,0386,1465
2026-02-13,21121752,0386,3
2026-02-13,21165816,0386,0
2026-02-13,21315352,0386,1
2026-02-13,80885920,0386,0
2026-02-13,80807120,0386,1
2026-02-13,21304907,0386,0
2026-02-13,80848023,0386,0
2026-02-13,80807092,0386,0
2026-02-13,80804703,0386,1
2026-02-13,21434954,0386,1
2026-02-13,80807115,0386,0
2026-02-13,21275914,0386,232
2026-02-13,21176384,0386,2
2026-02-13,21315474,0386,0
2026-02-13,80804704,0386,1
2026-02-13,80804705,0386,1
2026-02-13,80804137,0386,0
2026-02-13,80804128,0386,0
2026-02-13,80848029,0386,0
2026-02-13,21354246,0386,2272
2026-02-13,21357275,0386,4
2026-02-13,21132988,0386,0
2026-02-13,21141769,0386,0
2026-02-13,80848022,0386,4
2026-02-13,80807116,0386,1
2026-02-13,21314594,0386,0
2026-02-13,80863645,0386,4
2026-02-13,80804706,0386,1
2026-02-13,80812338,0386,0
2026-02-13,21419500,0386,0
2026-02-13,21314595,0386,0
2026-02-13,80793615,0386,3
2026-02-13,80796091,0386,0
2026-02-13,80804701,0386,1
2026-02-13,80807100,0386,0
2026-02-13,80807096,0386,0
2026-02-13,21303404,0386,496
2026-02-13,80848028,0386,0
2026-02-13,80804698,0386,0
2026-02-13,80848025,0386,1
2026-02-13,21325164,0386,0
2026-02-13,80804127,0386,0
2026-02-13,80885921,0386,4
2026-02-13,21118867,0386,1
2026-02-13,21179704,0386,0
2026-02-13,80848021,0386,1
2026-02-13,80848027,0386,0
2026-02-13,21255844,0386,320
2026-02-13,80807114,0386,0
2026-02-13,80868101,0386,2
2026-02-13,80868102,0386,1
2026-02-13,21314876,0386,174
2026-02-13,80804699,0386,0
2026-02-13,21314876,C810,2
2026-02-13,80868100,0386,2
2026-02-13,80885919,0386,4
2026-02-13,80804131,0386,3
2026-02-13,80804702,0386,1
2026-02-13,21269899,0386,2
2026-02-13,21314875,0386,0
2026-02-13,80807096,C810,25
2026-02-13,80840976,0386,0
2026-02-13,80840975,0386,2
2026-02-13,80848031,0386,0
2026-02-13,80812110,0386,0
2026-02-13,80795933,0386,0
2026-02-13,80793614,0386,4
2026-02-13,80863646,0386,4
2026-02-13,80807122,0386,2
2026-02-13,21142556,0386,2
2026-02-13,80848024,0386,0
2026-02-13,80838165,0386,0
2026-02-13,80884845,0386,2
2026-02-13,80865910,0386,1
2026-02-13,80857738,0386,0
2026-02-13,80838164,0386,0
2026-02-13,80838162,0386,0
2026-02-13,21132752,0386,1
2026-02-13,21431638,0386,1
2026-02-13,21421149,0386,1
2026-02-13,21133493,0386,0
2026-02-13,21138340,0386,0
2026-02-13,21447518,0386,0
2026-02-13,21127800,0386,2
2026-02-13,21127799,0386,0
2026-02-13,21137621,0386,1
2026-02-13,21314875,C810,2
2026-02-13,21142560,0386,1
2026-02-13,21421148,0386,1
