date,material,receiving,quantity,ori_deployment_uid,vehicle_uid,actual_ship_date
2025-10-10,80784369,D767,355,80784369|C816|D767|2025-10-06|net demand for normal|000013,20251007-C816-D767-SMALL-#1,2025-10-07
2025-10-10,80784376,D767,934,80784376|C816|D767|2025-10-06|net demand for normal|000036,20251007-C816-D767-SMALL-#1,2025-10-07
2025-10-10,80784368,D767,3,80784368|C816|D767|2025-10-07|net demand for normal|000076,20251007-C816-D767-SMALL-#1,2025-10-07
2025-10-10,80784369,D767,266,80784369|C816|D767|2025-10-07|net demand for normal|000083,20251007-C816-D767-SMALL-#1,2025-10-07
2025-10-10,8078436901,D767,27,8078436901|C816|D767|2025-10-07|net demand for normal|000095,20251007-C816-D767-SMALL-#1,2025-10-07
2025-10-10,80784376,D767,678,80784376|C816|D767|2025-10-07|net demand for normal|000113,20251007-C816-D767-SMALL-#1,2025-10-07
2025-10-10,80786340,D767,122,80786340|C816|D767|2025-10-07|net demand for normal|000116,20251007-C816-D767-SMALL-#1,2025-10-07
2025-10-10,8079964701,D767,1,8079964701|C816|D767|2025-10-07|net demand for normal|000145,20251007-C816-D767-SMALL-#1,2025-10-07
2025-10-10,80784369,D767,21,80784369|C816|D767|2025-10-06|net demand for AO|000012,20251007-C816-D767-SMALL-#1,2025-10-07
2025-10-10,8078436901,D767,21,8078436901|C816|D767|2025-10-06|net demand for AO|000020,20251007-C816-D767-SMALL-#1,2025-10-07
2025-10-10,80784368,D767,1,80784368|C816|D767|2025-10-07|net demand for AO|000066,20251007-C816-D767-SMALL-#1,2025-10-07
2025-10-10,80784368,D767,1,80784368|C816|D767|2025-10-07|net demand for AO|000067,20251007-C816-D767-SMALL-#1,2025-10-07
2025-10-10,80784369,D767,16,80784369|C816|D767|2025-10-07|net demand for AO|000081,20251007-C816-D767-SMALL-#1,2025-10-07
2025-10-10,80784369,D767,18,80784369|C816|D767|2025-10-07|net demand for AO|000082,20251007-C816-D767-SMALL-#1,2025-10-07
2025-10-10,8078436901,D767,19,8078436901|C816|D767|2025-10-07|net demand for AO|000093,20251007-C816-D767-SMALL-#1,2025-10-07
2025-10-10,8078436901,D767,21,8078436901|C816|D767|2025-10-07|net demand for AO|000094,20251007-C816-D767-SMALL-#1,2025-10-07
2025-10-10,80784376,D767,36,80784376|C816|D767|2025-10-07|net demand for AO|000111,20251007-C816-D767-SMALL-#1,2025-10-07
2025-10-10,80784376,D767,39,80784376|C816|D767|2025-10-07|net demand for AO|000112,20251007-C816-D767-SMALL-#1,2025-10-07
2025-10-10,80786340,D767,29,80786340|C816|D767|2025-10-07|net demand for AO|000114,20251007-C816-D767-SMALL-#1,2025-10-07
2025-10-10,80786340,D767,32,80786340|C816|D767|2025-10-07|net demand for AO|000115,20251007-C816-D767-SMALL-#1,2025-10-07
2025-10-10,8079964701,D767,2,8079964701|C816|D767|2025-10-07|net demand for AO|000143,20251007-C816-D767-SMALL-#1,2025-10-07
2025-10-10,8079964701,D767,2,8079964701|C816|D767|2025-10-07|net demand for AO|000144,20251007-C816-D767-SMALL-#1,2025-10-07
2025-10-10,80784368,D767,3,80784368|C816|D767|2025-10-06|net demand for forecast|000001,20251007-C816-D767-SMALL-#1,2025-10-07
2025-10-10,80784368,D767,12,80784368|C816|D767|2025-10-06|net demand for forecast|000002,20251007-C816-D767-SMALL-#1,2025-10-07
2025-10-10,80784368,D767,14,80784368|C816|D767|2025-10-06|net demand for forecast|000003,20251007-C816-D767-SMALL-#1,2025-10-07
2025-10-10,80784368,D767,15,80784368|C816|D767|2025-10-06|net demand for forecast|000004,20251007-C816-D767-SMALL-#1,2025-10-07
2025-10-10,80784368,D767,15,80784368|C816|D767|2025-10-06|net demand for forecast|000005,20251007-C816-D767-SMALL-#1,2025-10-07
2025-10-10,80784368,D767,15,80784368|C816|D767|2025-10-06|net demand for forecast|000006,20251007-C816-D767-SMALL-#1,2025-10-07
2025-10-10,80784368,D767,19,80784368|C816|D767|2025-10-06|net demand for forecast|000007,20251007-C816-D767-SMALL-#1,2025-10-07
2025-10-10,80784368,D767,20,80784368|C816|D767|2025-10-06|net demand for forecast|000008,20251007-C816-D767-SMALL-#1,2025-10-07
2025-10-10,80784370,D767,4,80784370|C816|D767|2025-10-06|net demand for forecast|000026,20251007-C816-D767-SMALL-#1,2025-10-07
2025-10-10,80784370,D767,5,80784370|C816|D767|2025-10-06|net demand for forecast|000029,20251007-C816-D767-SMALL-#1,2025-10-07
2025-10-10,80784370,D767,5,80784370|C816|D767|2025-10-06|net demand for forecast|000030,20251007-C816-D767-SMALL-#1,2025-10-07
2025-10-10,80784370,D767,5,80784370|C816|D767|2025-10-06|net demand for forecast|000031,20251007-C816-D767-SMALL-#1,2025-10-07
2025-10-10,80784370,D767,7,80784370|C816|D767|2025-10-06|net demand for forecast|000032,20251007-C816-D767-SMALL-#1,2025-10-07
2025-10-10,80784370,D767,7,80784370|C816|D767|2025-10-06|net demand for forecast|000033,20251007-C816-D767-SMALL-#1,2025-10-07
2025-10-10,80842334,D767,1,80842334|C816|D767|2025-10-06|net demand for forecast|000054,20251007-C816-D767-SMALL-#1,2025-10-07
2025-10-10,80842334,D767,1,80842334|C816|D767|2025-10-06|net demand for forecast|000055,20251007-C816-D767-SMALL-#1,2025-10-07
2025-10-10,80842334,D767,1,80842334|C816|D767|2025-10-06|net demand for forecast|000056,20251007-C816-D767-SMALL-#1,2025-10-07
2025-10-10,80842334,D767,1,80842334|C816|D767|2025-10-06|net demand for forecast|000058,20251007-C816-D767-SMALL-#1,2025-10-07
2025-10-10,80842334,D767,1,80842334|C816|D767|2025-10-06|net demand for forecast|000059,20251007-C816-D767-SMALL-#1,2025-10-07
2025-10-10,80842334,D767,1,80842334|C816|D767|2025-10-06|net demand for forecast|000060,20251007-C816-D767-SMALL-#1,2025-10-07
2025-10-10,80842334,D767,1,80842334|C816|D767|2025-10-06|net demand for forecast|000061,20251007-C816-D767-SMALL-#1,2025-10-07
2025-10-10,80784368,D767,3,80784368|C816|D767|2025-10-07|net demand for forecast|000068,20251007-C816-D767-SMALL-#1,2025-10-07
2025-10-10,80784368,D767,3,80784368|C816|D767|2025-10-07|net demand for forecast|000069,20251007-C816-D767-SMALL-#1,2025-10-07
2025-10-10,80784368,D767,4,80784368|C816|D767|2025-10-07|net demand for forecast|000071,20251007-C816-D767-SMALL-#1,2025-10-07
2025-10-10,80784368,D767,5,80784368|C816|D767|2025-10-07|net demand for forecast|000073,20251007-C816-D767-SMALL-#1,2025-10-07
2025-10-10,80784368,D767,5,80784368|C816|D767|2025-10-07|net demand for forecast|000074,20251007-C816-D767-SMALL-#1,2025-10-07
2025-10-10,80784370,D767,2,80784370|C816|D767|2025-10-07|net demand for forecast|000102,20251007-C816-D767-SMALL-#1,2025-10-07
2025-10-10,80784370,D767,2,80784370|C816|D767|2025-10-07|net demand for forecast|000103,20251007-C816-D767-SMALL-#1,2025-10-07
2025-10-10,80784370,D767,2,80784370|C816|D767|2025-10-07|net demand for forecast|000104,20251007-C816-D767-SMALL-#1,2025-10-07
2025-10-10,80784370,D767,2,80784370|C816|D767|2025-10-07|net demand for forecast|000105,20251007-C816-D767-SMALL-#1,2025-10-07
2025-10-10,80784370,D767,2,80784370|C816|D767|2025-10-07|net demand for forecast|000106,20251007-C816-D767-SMALL-#1,2025-10-07
2025-10-10,80784370,D767,2,80784370|C816|D767|2025-10-07|net demand for forecast|000107,20251007-C816-D767-SMALL-#1,2025-10-07
2025-10-10,80784370,D767,2,80784370|C816|D767|2025-10-07|net demand for forecast|000108,20251007-C816-D767-SMALL-#1,2025-10-07
2025-10-10,80784370,D767,2,80784370|C816|D767|2025-10-07|net demand for forecast|000109,20251007-C816-D767-SMALL-#1,2025-10-07
2025-10-10,80799645,D767,1,80799645|C816|D767|2025-10-07|net demand for forecast|000129,20251007-C816-D767-SMALL-#1,2025-10-07
2025-10-10,80799645,D767,1,80799645|C816|D767|2025-10-07|net demand for forecast|000130,20251007-C816-D767-SMALL-#1,2025-10-07
2025-10-10,80799645,D767,1,80799645|C816|D767|2025-10-07|net demand for forecast|000131,20251007-C816-D767-SMALL-#1,2025-10-07
2025-10-10,80799645,D767,1,80799645|C816|D767|2025-10-07|net demand for forecast|000132,20251007-C816-D767-SMALL-#1,2025-10-07
2025-10-10,80799645,D767,1,80799645|C816|D767|2025-10-07|net demand for forecast|000133,20251007-C816-D767-SMALL-#1,2025-10-07
2025-10-10,80799645,D767,1,80799645|C816|D767|2025-10-07|net demand for forecast|000135,20251007-C816-D767-SMALL-#1,2025-10-07
2025-10-10,80799645,D767,1,80799645|C816|D767|2025-10-07|net demand for forecast|000136,20251007-C816-D767-SMALL-#1,2025-10-07
2025-10-10,80804079,D767,1,80804079|C816|D767|2025-10-07|net demand for forecast|000146,20251007-C816-D767-SMALL-#1,2025-10-07
2025-10-10,80804079,D767,1,80804079|C816|D767|2025-10-07|net demand for forecast|000147,20251007-C816-D767-SMALL-#1,2025-10-07
2025-10-10,80804079,D767,1,80804079|C816|D767|2025-10-07|net demand for forecast|000148,20251007-C816-D767-SMALL-#1,2025-10-07
2025-10-10,80804079,D767,1,80804079|C816|D767|2025-10-07|net demand for forecast|000149,20251007-C816-D767-SMALL-#1,2025-10-07
2025-10-10,80804079,D767,1,80804079|C816|D767|2025-10-07|net demand for forecast|000150,20251007-C816-D767-SMALL-#1,2025-10-07
2025-10-10,80804079,D767,2,80804079|C816|D767|2025-10-07|net demand for forecast|000151,20251007-C816-D767-SMALL-#1,2025-10-07
2025-10-10,80804079,D767,2,80804079|C816|D767|2025-10-07|net demand for forecast|000152,20251007-C816-D767-SMALL-#1,2025-10-07
2025-10-10,80804079,D767,2,80804079|C816|D767|2025-10-07|net demand for forecast|000153,20251007-C816-D767-SMALL-#1,2025-10-07
2025-10-10,80842334,D767,1,80842334|C816|D767|2025-10-07|net demand for forecast|000155,20251007-C816-D767-SMALL-#1,2025-10-07
2025-10-10,80842334,D767,1,80842334|C816|D767|2025-10-07|net demand for forecast|000156,20251007-C816-D767-SMALL-#1,2025-10-07
2025-10-10,80842334,D767,1,80842334|C816|D767|2025-10-07|net demand for forecast|000157,20251007-C816-D767-SMALL-#1,2025-10-07
2025-10-10,80842334,D767,1,80842334|C816|D767|2025-10-07|net demand for forecast|000158,20251007-C816-D767-SMALL-#1,2025-10-07
2025-10-10,80842334,D767,1,80842334|C816|D767|2025-10-07|net demand for forecast|000159,20251007-C816-D767-SMALL-#1,2025-10-07
2025-10-10,80842334,D767,1,80842334|C816|D767|2025-10-07|net demand for forecast|000160,20251007-C816-D767-SMALL-#1,2025-10-07
2025-10-10,80842334,D767,1,80842334|C816|D767|2025-10-07|net demand for forecast|000161,20251007-C816-D767-SMALL-#1,2025-10-07
2025-10-10,80842334,D767,1,80842334|C816|D767|2025-10-07|net demand for forecast|000162,20251007-C816-D767-SMALL-#1,2025-10-07
2025-10-10,80784368,D767,67,80784368|C816|D767|2025-10-06|net demand for safety|000009,20251007-C816-D767-SMALL-#1,2025-10-07
2025-10-10,80784370,D767,45,80784370|C816|D767|2025-10-06|net demand for safety|000034,20251007-C816-D767-SMALL-#1,2025-10-07
2025-10-10,80799645,D767,101,80799645|C816|D767|2025-10-06|net demand for safety|000049,20251007-C816-D767-SMALL-#1,2025-10-07
2025-10-10,80804079,D767,26,80804079|C816|D767|2025-10-06|net demand for safety|000053,20251007-C816-D767-SMALL-#1,2025-10-07
2025-10-10,80842334,D767,30,80842334|C816|D767|2025-10-06|net demand for safety|000062,20251007-C816-D767-SMALL-#1,2025-10-07
2025-10-10,80842339,D767,2,80842339|C816|D767|2025-10-06|net demand for safety|000063,20251007-C816-D767-SMALL-#1,2025-10-07
2025-10-10,8084233901,D767,2,8084233901|C816|D767|2025-10-06|net demand for safety|000064,20251007-C816-D767-SMALL-#1,2025-10-07
2025-10-10,80784368,D767,14,80784368|C816|D767|2025-10-07|net demand for safety|000077,20251007-C816-D767-SMALL-#1,2025-10-07
2025-10-10,80784370,D767,9,80784370|C816|D767|2025-10-07|net demand for safety|000110,20251007-C816-D767-SMALL-#1,2025-10-07
2025-10-10,80799645,D767,32,80799645|C816|D767|2025-10-07|net demand for safety|000137,20251007-C816-D767-SMALL-#1,2025-10-07
2025-10-10,80804079,D767,15,80804079|C816|D767|2025-10-07|net demand for safety|000154,20251007-C816-D767-SMALL-#1,2025-10-07
2025-10-10,80842334,D767,5,80842334|C816|D767|2025-10-07|net demand for safety|000163,20251007-C816-D767-SMALL-#1,2025-10-07
2025-10-10,80842339,D767,9,80842339|C816|D767|2025-10-07|net demand for safety|000164,20251007-C816-D767-SMALL-#1,2025-10-07
2025-10-10,8084233901,D767,13,8084233901|C816|D767|2025-10-07|net demand for safety|000165,20251007-C816-D767-SMALL-#1,2025-10-07
2025-10-10,80842340,D767,1,80842340|C816|D767|2025-10-07|net demand for safety|000166,20251007-C816-D767-SMALL-#1,2025-10-07
