transit_uid,date,material,sending,receiving,actual_ship_date,actual_delivery_date,quantity,ori_deployment_uid,vehicle_uid
8078436901|C816|D767|2025-10-06|net demand for normal|000021_transit_20251007-C816-D767-SMALL-#1,2025-10-08,8078436901,C816,D767,2025-10-07,2025-10-10,30,8078436901|C816|D767|2025-10-06|net demand for normal|000021,20251007-C816-D767-SMALL-#1
80784369|C816|D767|2025-10-06|net demand for normal|000013_transit_20251007-C816-D767-SMALL-#1,2025-10-08,80784369,C816,D767,2025-10-07,2025-10-11,355,80784369|C816|D767|2025-10-06|net demand for normal|000013,20251007-C816-D767-SMALL-#1
80784376|C816|D767|2025-10-06|net demand for normal|000036_transit_20251007-C816-D767-SMALL-#1,2025-10-08,80784376,C816,D767,2025-10-07,2025-10-10,934,80784376|C816|D767|2025-10-06|net demand for normal|000036,20251007-C816-D767-SMALL-#1
80784368|C816|D767|2025-10-07|net demand for normal|000076_transit_20251007-C816-D767-SMALL-#1,2025-10-08,80784368,C816,D767,2025-10-07,2025-10-10,3,80784368|C816|D767|2025-10-07|net demand for normal|000076,20251007-C816-D767-SMALL-#1
8078436901|C816|D767|2025-10-07|net demand for normal|000095_transit_20251007-C816-D767-SMALL-#1,2025-10-08,8078436901,C816,D767,2025-10-07,2025-10-10,27,8078436901|C816|D767|2025-10-07|net demand for normal|000095,20251007-C816-D767-SMALL-#1
80784369|C816|D767|2025-10-07|net demand for normal|000083_transit_20251007-C816-D767-SMALL-#1,2025-10-08,80784369,C816,D767,2025-10-07,2025-10-10,266,80784369|C816|D767|2025-10-07|net demand for normal|000083,20251007-C816-D767-SMALL-#1
80784376|C816|D767|2025-10-07|net demand for normal|000113_transit_20251007-C816-D767-SMALL-#1,2025-10-08,80784376,C816,D767,2025-10-07,2025-10-10,678,80784376|C816|D767|2025-10-07|net demand for normal|000113,20251007-C816-D767-SMALL-#1
80786340|C816|D767|2025-10-07|net demand for normal|000116_transit_20251007-C816-D767-SMALL-#1,2025-10-08,80786340,C816,D767,2025-10-07,2025-10-10,122,80786340|C816|D767|2025-10-07|net demand for normal|000116,20251007-C816-D767-SMALL-#1
8079964701|C816|D767|2025-10-07|net demand for normal|000145_transit_20251007-C816-D767-SMALL-#1,2025-10-08,8079964701,C816,D767,2025-10-07,2025-10-10,1,8079964701|C816|D767|2025-10-07|net demand for normal|000145,20251007-C816-D767-SMALL-#1
8078436901|C816|D767|2025-10-06|net demand for AO|000020_transit_20251007-C816-D767-SMALL-#1,2025-10-08,8078436901,C816,D767,2025-10-07,2025-10-10,21,8078436901|C816|D767|2025-10-06|net demand for AO|000020,20251007-C816-D767-SMALL-#1
80784369|C816|D767|2025-10-06|net demand for AO|000012_transit_20251007-C816-D767-SMALL-#1,2025-10-08,80784369,C816,D767,2025-10-07,2025-10-10,21,80784369|C816|D767|2025-10-06|net demand for AO|000012,20251007-C816-D767-SMALL-#1
80784376|C816|D767|2025-10-06|net demand for AO|000035_transit_20251007-C816-D767-SMALL-#1,2025-10-08,80784376,C816,D767,2025-10-07,2025-10-11,49,80784376|C816|D767|2025-10-06|net demand for AO|000035,20251007-C816-D767-SMALL-#1
80784368|C816|D767|2025-10-07|net demand for AO|000066_transit_20251007-C816-D767-SMALL-#1,2025-10-08,80784368,C816,D767,2025-10-07,2025-10-10,1,80784368|C816|D767|2025-10-07|net demand for AO|000066,20251007-C816-D767-SMALL-#1
80784368|C816|D767|2025-10-07|net demand for AO|000067_transit_20251007-C816-D767-SMALL-#1,2025-10-08,80784368,C816,D767,2025-10-07,2025-10-10,1,80784368|C816|D767|2025-10-07|net demand for AO|000067,20251007-C816-D767-SMALL-#1
8078436901|C816|D767|2025-10-07|net demand for AO|000093_transit_20251007-C816-D767-SMALL-#1,2025-10-08,8078436901,C816,D767,2025-10-07,2025-10-10,19,8078436901|C816|D767|2025-10-07|net demand for AO|000093,20251007-C816-D767-SMALL-#1
8078436901|C816|D767|2025-10-07|net demand for AO|000094_transit_20251007-C816-D767-SMALL-#1,2025-10-08,8078436901,C816,D767,2025-10-07,2025-10-10,21,8078436901|C816|D767|2025-10-07|net demand for AO|000094,20251007-C816-D767-SMALL-#1
80784369|C816|D767|2025-10-07|net demand for AO|000081_transit_20251007-C816-D767-SMALL-#1,2025-10-08,80784369,C816,D767,2025-10-07,2025-10-10,16,80784369|C816|D767|2025-10-07|net demand for AO|000081,20251007-C816-D767-SMALL-#1
80784369|C816|D767|2025-10-07|net demand for AO|000082_transit_20251007-C816-D767-SMALL-#1,2025-10-08,80784369,C816,D767,2025-10-07,2025-10-10,18,80784369|C816|D767|2025-10-07|net demand for AO|000082,20251007-C816-D767-SMALL-#1
80784376|C816|D767|2025-10-07|net demand for AO|000111_transit_20251007-C816-D767-SMALL-#1,2025-10-08,80784376,C816,D767,2025-10-07,2025-10-10,36,80784376|C816|D767|2025-10-07|net demand for AO|000111,20251007-C816-D767-SMALL-#1
80784376|C816|D767|2025-10-07|net demand for AO|000112_transit_20251007-C816-D767-SMALL-#1,2025-10-08,80784376,C816,D767,2025-10-07,2025-10-10,39,80784376|C816|D767|2025-10-07|net demand for AO|000112,20251007-C816-D767-SMALL-#1
80786340|C816|D767|2025-10-07|net demand for AO|000114_transit_20251007-C816-D767-SMALL-#1,2025-10-08,80786340,C816,D767,2025-10-07,2025-10-10,29,80786340|C816|D767|2025-10-07|net demand for AO|000114,20251007-C816-D767-SMALL-#1
80786340|C816|D767|2025-10-07|net demand for AO|000115_transit_20251007-C816-D767-SMALL-#1,2025-10-08,80786340,C816,D767,2025-10-07,2025-10-10,32,80786340|C816|D767|2025-10-07|net demand for AO|000115,20251007-C816-D767-SMALL-#1
8079964701|C816|D767|2025-10-07|net demand for AO|000143_transit_20251007-C816-D767-SMALL-#1,2025-10-08,8079964701,C816,D767,2025-10-07,2025-10-10,2,8079964701|C816|D767|2025-10-07|net demand for AO|000143,20251007-C816-D767-SMALL-#1
8079964701|C816|D767|2025-10-07|net demand for AO|000144_transit_20251007-C816-D767-SMALL-#1,2025-10-08,8079964701,C816,D767,2025-10-07,2025-10-10,2,8079964701|C816|D767|2025-10-07|net demand for AO|000144,20251007-C816-D767-SMALL-#1
80784368|C816|D767|2025-10-06|net demand for forecast|000001_transit_20251007-C816-D767-SMALL-#1,2025-10-08,80784368,C816,D767,2025-10-07,2025-10-10,3,80784368|C816|D767|2025-10-06|net demand for forecast|000001,20251007-C816-D767-SMALL-#1
80784368|C816|D767|2025-10-06|net demand for forecast|000002_transit_20251007-C816-D767-SMALL-#1,2025-10-08,80784368,C816,D767,2025-10-07,2025-10-10,12,80784368|C816|D767|2025-10-06|net demand for forecast|000002,20251007-C816-D767-SMALL-#1
80784368|C816|D767|2025-10-06|net demand for forecast|000003_transit_20251007-C816-D767-SMALL-#1,2025-10-08,80784368,C816,D767,2025-10-07,2025-10-10,14,80784368|C816|D767|2025-10-06|net demand for forecast|000003,20251007-C816-D767-SMALL-#1
80784368|C816|D767|2025-10-06|net demand for forecast|000004_transit_20251007-C816-D767-SMALL-#1,2025-10-08,80784368,C816,D767,2025-10-07,2025-10-10,15,80784368|C816|D767|2025-10-06|net demand for forecast|000004,20251007-C816-D767-SMALL-#1
80784368|C816|D767|2025-10-06|net demand for forecast|000005_transit_20251007-C816-D767-SMALL-#1,2025-10-08,80784368,C816,D767,2025-10-07,2025-10-10,15,80784368|C816|D767|2025-10-06|net demand for forecast|000005,20251007-C816-D767-SMALL-#1
80784368|C816|D767|2025-10-06|net demand for forecast|000006_transit_20251007-C816-D767-SMALL-#1,2025-10-08,80784368,C816,D767,2025-10-07,2025-10-10,15,80784368|C816|D767|2025-10-06|net demand for forecast|000006,20251007-C816-D767-SMALL-#1
80784368|C816|D767|2025-10-06|net demand for forecast|000007_transit_20251007-C816-D767-SMALL-#1,2025-10-08,80784368,C816,D767,2025-10-07,2025-10-10,19,80784368|C816|D767|2025-10-06|net demand for forecast|000007,20251007-C816-D767-SMALL-#1
80784368|C816|D767|2025-10-06|net demand for forecast|000008_transit_20251007-C816-D767-SMALL-#1,2025-10-08,80784368,C816,D767,2025-10-07,2025-10-10,20,80784368|C816|D767|2025-10-06|net demand for forecast|000008,20251007-C816-D767-SMALL-#1
80784370|C816|D767|2025-10-06|net demand for forecast|000026_transit_20251007-C816-D767-SMALL-#1,2025-10-08,80784370,C816,D767,2025-10-07,2025-10-10,4,80784370|C816|D767|2025-10-06|net demand for forecast|000026,20251007-C816-D767-SMALL-#1
80784370|C816|D767|2025-10-06|net demand for forecast|000027_transit_20251007-C816-D767-SMALL-#1,2025-10-08,80784370,C816,D767,2025-10-07,2025-10-11,4,80784370|C816|D767|2025-10-06|net demand for forecast|000027,20251007-C816-D767-SMALL-#1
80784370|C816|D767|2025-10-06|net demand for forecast|000028_transit_20251007-C816-D767-SMALL-#1,2025-10-08,80784370,C816,D767,2025-10-07,2025-10-11,5,80784370|C816|D767|2025-10-06|net demand for forecast|000028,20251007-C816-D767-SMALL-#1
80784370|C816|D767|2025-10-06|net demand for forecast|000029_transit_20251007-C816-D767-SMALL-#1,2025-10-08,80784370,C816,D767,2025-10-07,2025-10-10,5,80784370|C816|D767|2025-10-06|net demand for forecast|000029,20251007-C816-D767-SMALL-#1
80784370|C816|D767|2025-10-06|net demand for forecast|000030_transit_20251007-C816-D767-SMALL-#1,2025-10-08,80784370,C816,D767,2025-10-07,2025-10-10,5,80784370|C816|D767|2025-10-06|net demand for forecast|000030,20251007-C816-D767-SMALL-#1
80784370|C816|D767|2025-10-06|net demand for forecast|000031_transit_20251007-C816-D767-SMALL-#1,2025-10-08,80784370,C816,D767,2025-10-07,2025-10-10,5,80784370|C816|D767|2025-10-06|net demand for forecast|000031,20251007-C816-D767-SMALL-#1
80784370|C816|D767|2025-10-06|net demand for forecast|000032_transit_20251007-C816-D767-SMALL-#1,2025-10-08,80784370,C816,D767,2025-10-07,2025-10-10,7,80784370|C816|D767|2025-10-06|net demand for forecast|000032,20251007-C816-D767-SMALL-#1
80784370|C816|D767|2025-10-06|net demand for forecast|000033_transit_20251007-C816-D767-SMALL-#1,2025-10-08,80784370,C816,D767,2025-10-07,2025-10-10,7,80784370|C816|D767|2025-10-06|net demand for forecast|000033,20251007-C816-D767-SMALL-#1
80842334|C816|D767|2025-10-06|net demand for forecast|000054_transit_20251007-C816-D767-SMALL-#1,2025-10-08,80842334,C816,D767,2025-10-07,2025-10-10,1,80842334|C816|D767|2025-10-06|net demand for forecast|000054,20251007-C816-D767-SMALL-#1
80842334|C816|D767|2025-10-06|net demand for forecast|000055_transit_20251007-C816-D767-SMALL-#1,2025-10-08,80842334,C816,D767,2025-10-07,2025-10-10,1,80842334|C816|D767|2025-10-06|net demand for forecast|000055,20251007-C816-D767-SMALL-#1
80842334|C816|D767|2025-10-06|net demand for forecast|000056_transit_20251007-C816-D767-SMALL-#1,2025-10-08,80842334,C816,D767,2025-10-07,2025-10-10,1,80842334|C816|D767|2025-10-06|net demand for forecast|000056,20251007-C816-D767-SMALL-#1
80842334|C816|D767|2025-10-06|net demand for forecast|000057_transit_20251007-C816-D767-SMALL-#1,2025-10-08,80842334,C816,D767,2025-10-07,2025-10-11,1,80842334|C816|D767|2025-10-06|net demand for forecast|000057,20251007-C816-D767-SMALL-#1
80842334|C816|D767|2025-10-06|net demand for forecast|000058_transit_20251007-C816-D767-SMALL-#1,2025-10-08,80842334,C816,D767,2025-10-07,2025-10-10,1,80842334|C816|D767|2025-10-06|net demand for forecast|000058,20251007-C816-D767-SMALL-#1
80842334|C816|D767|2025-10-06|net demand for forecast|000059_transit_20251007-C816-D767-SMALL-#1,2025-10-08,80842334,C816,D767,2025-10-07,2025-10-10,1,80842334|C816|D767|2025-10-06|net demand for forecast|000059,20251007-C816-D767-SMALL-#1
80842334|C816|D767|2025-10-06|net demand for forecast|000060_transit_20251007-C816-D767-SMALL-#1,2025-10-08,80842334,C816,D767,2025-10-07,2025-10-10,1,80842334|C816|D767|2025-10-06|net demand for forecast|000060,20251007-C816-D767-SMALL-#1
80842334|C816|D767|2025-10-06|net demand for forecast|000061_transit_20251007-C816-D767-SMALL-#1,2025-10-08,80842334,C816,D767,2025-10-07,2025-10-10,1,80842334|C816|D767|2025-10-06|net demand for forecast|000061,20251007-C816-D767-SMALL-#1
80784368|C816|D767|2025-10-07|net demand for forecast|000068_transit_20251007-C816-D767-SMALL-#1,2025-10-08,80784368,C816,D767,2025-10-07,2025-10-10,3,80784368|C816|D767|2025-10-07|net demand for forecast|000068,20251007-C816-D767-SMALL-#1
80784368|C816|D767|2025-10-07|net demand for forecast|000069_transit_20251007-C816-D767-SMALL-#1,2025-10-08,80784368,C816,D767,2025-10-07,2025-10-10,3,80784368|C816|D767|2025-10-07|net demand for forecast|000069,20251007-C816-D767-SMALL-#1
80784368|C816|D767|2025-10-07|net demand for forecast|000070_transit_20251007-C816-D767-SMALL-#1,2025-10-08,80784368,C816,D767,2025-10-07,2025-10-11,4,80784368|C816|D767|2025-10-07|net demand for forecast|000070,20251007-C816-D767-SMALL-#1
80784368|C816|D767|2025-10-07|net demand for forecast|000071_transit_20251007-C816-D767-SMALL-#1,2025-10-08,80784368,C816,D767,2025-10-07,2025-10-10,4,80784368|C816|D767|2025-10-07|net demand for forecast|000071,20251007-C816-D767-SMALL-#1
80784368|C816|D767|2025-10-07|net demand for forecast|000072_transit_20251007-C816-D767-SMALL-#1,2025-10-08,80784368,C816,D767,2025-10-07,2025-10-11,4,80784368|C816|D767|2025-10-07|net demand for forecast|000072,20251007-C816-D767-SMALL-#1
80784368|C816|D767|2025-10-07|net demand for forecast|000073_transit_20251007-C816-D767-SMALL-#1,2025-10-08,80784368,C816,D767,2025-10-07,2025-10-10,5,80784368|C816|D767|2025-10-07|net demand for forecast|000073,20251007-C816-D767-SMALL-#1
80784368|C816|D767|2025-10-07|net demand for forecast|000074_transit_20251007-C816-D767-SMALL-#1,2025-10-08,80784368,C816,D767,2025-10-07,2025-10-10,5,80784368|C816|D767|2025-10-07|net demand for forecast|000074,20251007-C816-D767-SMALL-#1
80784368|C816|D767|2025-10-07|net demand for forecast|000075_transit_20251007-C816-D767-SMALL-#1,2025-10-08,80784368,C816,D767,2025-10-07,2025-10-11,5,80784368|C816|D767|2025-10-07|net demand for forecast|000075,20251007-C816-D767-SMALL-#1
80784370|C816|D767|2025-10-07|net demand for forecast|000102_transit_20251007-C816-D767-SMALL-#1,2025-10-08,80784370,C816,D767,2025-10-07,2025-10-10,2,80784370|C816|D767|2025-10-07|net demand for forecast|000102,20251007-C816-D767-SMALL-#1
80784370|C816|D767|2025-10-07|net demand for forecast|000103_transit_20251007-C816-D767-SMALL-#1,2025-10-08,80784370,C816,D767,2025-10-07,2025-10-10,2,80784370|C816|D767|2025-10-07|net demand for forecast|000103,20251007-C816-D767-SMALL-#1
80784370|C816|D767|2025-10-07|net demand for forecast|000104_transit_20251007-C816-D767-SMALL-#1,2025-10-08,80784370,C816,D767,2025-10-07,2025-10-10,2,80784370|C816|D767|2025-10-07|net demand for forecast|000104,20251007-C816-D767-SMALL-#1
80784370|C816|D767|2025-10-07|net demand for forecast|000105_transit_20251007-C816-D767-SMALL-#1,2025-10-08,80784370,C816,D767,2025-10-07,2025-10-10,2,80784370|C816|D767|2025-10-07|net demand for forecast|000105,20251007-C816-D767-SMALL-#1
80784370|C816|D767|2025-10-07|net demand for forecast|000106_transit_20251007-C816-D767-SMALL-#1,2025-10-08,80784370,C816,D767,2025-10-07,2025-10-10,2,80784370|C816|D767|2025-10-07|net demand for forecast|000106,20251007-C816-D767-SMALL-#1
80784370|C816|D767|2025-10-07|net demand for forecast|000107_transit_20251007-C816-D767-SMALL-#1,2025-10-08,80784370,C816,D767,2025-10-07,2025-10-10,2,80784370|C816|D767|2025-10-07|net demand for forecast|000107,20251007-C816-D767-SMALL-#1
80784370|C816|D767|2025-10-07|net demand for forecast|000108_transit_20251007-C816-D767-SMALL-#1,2025-10-08,80784370,C816,D767,2025-10-07,2025-10-10,2,80784370|C816|D767|2025-10-07|net demand for forecast|000108,20251007-C816-D767-SMALL-#1
80784370|C816|D767|2025-10-07|net demand for forecast|000109_transit_20251007-C816-D767-SMALL-#1,2025-10-08,80784370,C816,D767,2025-10-07,2025-10-10,2,80784370|C816|D767|2025-10-07|net demand for forecast|000109,20251007-C816-D767-SMALL-#1
80799645|C816|D767|2025-10-07|net demand for forecast|000129_transit_20251007-C816-D767-SMALL-#1,2025-10-08,80799645,C816,D767,2025-10-07,2025-10-10,1,80799645|C816|D767|2025-10-07|net demand for forecast|000129,20251007-C816-D767-SMALL-#1
80799645|C816|D767|2025-10-07|net demand for forecast|000130_transit_20251007-C816-D767-SMALL-#1,2025-10-08,80799645,C816,D767,2025-10-07,2025-10-10,1,80799645|C816|D767|2025-10-07|net demand for forecast|000130,20251007-C816-D767-SMALL-#1
80799645|C816|D767|2025-10-07|net demand for forecast|000131_transit_20251007-C816-D767-SMALL-#1,2025-10-08,80799645,C816,D767,2025-10-07,2025-10-10,1,80799645|C816|D767|2025-10-07|net demand for forecast|000131,20251007-C816-D767-SMALL-#1
80799645|C816|D767|2025-10-07|net demand for forecast|000132_transit_20251007-C816-D767-SMALL-#1,2025-10-08,80799645,C816,D767,2025-10-07,2025-10-10,1,80799645|C816|D767|2025-10-07|net demand for forecast|000132,20251007-C816-D767-SMALL-#1
80799645|C816|D767|2025-10-07|net demand for forecast|000133_transit_20251007-C816-D767-SMALL-#1,2025-10-08,80799645,C816,D767,2025-10-07,2025-10-10,1,80799645|C816|D767|2025-10-07|net demand for forecast|000133,20251007-C816-D767-SMALL-#1
80799645|C816|D767|2025-10-07|net demand for forecast|000134_transit_20251007-C816-D767-SMALL-#1,2025-10-08,80799645,C816,D767,2025-10-07,2025-10-11,1,80799645|C816|D767|2025-10-07|net demand for forecast|000134,20251007-C816-D767-SMALL-#1
80799645|C816|D767|2025-10-07|net demand for forecast|000135_transit_20251007-C816-D767-SMALL-#1,2025-10-08,80799645,C816,D767,2025-10-07,2025-10-10,1,80799645|C816|D767|2025-10-07|net demand for forecast|000135,20251007-C816-D767-SMALL-#1
80799645|C816|D767|2025-10-07|net demand for forecast|000136_transit_20251007-C816-D767-SMALL-#1,2025-10-08,80799645,C816,D767,2025-10-07,2025-10-10,1,80799645|C816|D767|2025-10-07|net demand for forecast|000136,20251007-C816-D767-SMALL-#1
80804079|C816|D767|2025-10-07|net demand for forecast|000146_transit_20251007-C816-D767-SMALL-#1,2025-10-08,80804079,C816,D767,2025-10-07,2025-10-10,1,80804079|C816|D767|2025-10-07|net demand for forecast|000146,20251007-C816-D767-SMALL-#1
80804079|C816|D767|2025-10-07|net demand for forecast|000147_transit_20251007-C816-D767-SMALL-#1,2025-10-08,80804079,C816,D767,2025-10-07,2025-10-10,1,80804079|C816|D767|2025-10-07|net demand for forecast|000147,20251007-C816-D767-SMALL-#1
80804079|C816|D767|2025-10-07|net demand for forecast|000148_transit_20251007-C816-D767-SMALL-#1,2025-10-08,80804079,C816,D767,2025-10-07,2025-10-10,1,80804079|C816|D767|2025-10-07|net demand for forecast|000148,20251007-C816-D767-SMALL-#1
80804079|C816|D767|2025-10-07|net demand for forecast|000149_transit_20251007-C816-D767-SMALL-#1,2025-10-08,80804079,C816,D767,2025-10-07,2025-10-10,1,80804079|C816|D767|2025-10-07|net demand for forecast|000149,20251007-C816-D767-SMALL-#1
80804079|C816|D767|2025-10-07|net demand for forecast|000150_transit_20251007-C816-D767-SMALL-#1,2025-10-08,80804079,C816,D767,2025-10-07,2025-10-10,1,80804079|C816|D767|2025-10-07|net demand for forecast|000150,20251007-C816-D767-SMALL-#1
80804079|C816|D767|2025-10-07|net demand for forecast|000151_transit_20251007-C816-D767-SMALL-#1,2025-10-08,80804079,C816,D767,2025-10-07,2025-10-10,2,80804079|C816|D767|2025-10-07|net demand for forecast|000151,20251007-C816-D767-SMALL-#1
80804079|C816|D767|2025-10-07|net demand for forecast|000152_transit_20251007-C816-D767-SMALL-#1,2025-10-08,80804079,C816,D767,2025-10-07,2025-10-10,2,80804079|C816|D767|2025-10-07|net demand for forecast|000152,20251007-C816-D767-SMALL-#1
80804079|C816|D767|2025-10-07|net demand for forecast|000153_transit_20251007-C816-D767-SMALL-#1,2025-10-08,80804079,C816,D767,2025-10-07,2025-10-10,2,80804079|C816|D767|2025-10-07|net demand for forecast|000153,20251007-C816-D767-SMALL-#1
80842334|C816|D767|2025-10-07|net demand for forecast|000155_transit_20251007-C816-D767-SMALL-#1,2025-10-08,80842334,C816,D767,2025-10-07,2025-10-10,1,80842334|C816|D767|2025-10-07|net demand for forecast|000155,20251007-C816-D767-SMALL-#1
80842334|C816|D767|2025-10-07|net demand for forecast|000156_transit_20251007-C816-D767-SMALL-#1,2025-10-08,80842334,C816,D767,2025-10-07,2025-10-10,1,80842334|C816|D767|2025-10-07|net demand for forecast|000156,20251007-C816-D767-SMALL-#1
80842334|C816|D767|2025-10-07|net demand for forecast|000157_transit_20251007-C816-D767-SMALL-#1,2025-10-08,80842334,C816,D767,2025-10-07,2025-10-10,1,80842334|C816|D767|2025-10-07|net demand for forecast|000157,20251007-C816-D767-SMALL-#1
80842334|C816|D767|2025-10-07|net demand for forecast|000158_transit_20251007-C816-D767-SMALL-#1,2025-10-08,80842334,C816,D767,2025-10-07,2025-10-10,1,80842334|C816|D767|2025-10-07|net demand for forecast|000158,20251007-C816-D767-SMALL-#1
80842334|C816|D767|2025-10-07|net demand for forecast|000159_transit_20251007-C816-D767-SMALL-#1,2025-10-08,80842334,C816,D767,2025-10-07,2025-10-10,1,80842334|C816|D767|2025-10-07|net demand for forecast|000159,20251007-C816-D767-SMALL-#1
80842334|C816|D767|2025-10-07|net demand for forecast|000160_transit_20251007-C816-D767-SMALL-#1,2025-10-08,80842334,C816,D767,2025-10-07,2025-10-10,1,80842334|C816|D767|2025-10-07|net demand for forecast|000160,20251007-C816-D767-SMALL-#1
80842334|C816|D767|2025-10-07|net demand for forecast|000161_transit_20251007-C816-D767-SMALL-#1,2025-10-08,80842334,C816,D767,2025-10-07,2025-10-10,1,80842334|C816|D767|2025-10-07|net demand for forecast|000161,20251007-C816-D767-SMALL-#1
80842334|C816|D767|2025-10-07|net demand for forecast|000162_transit_20251007-C816-D767-SMALL-#1,2025-10-08,80842334,C816,D767,2025-10-07,2025-10-10,1,80842334|C816|D767|2025-10-07|net demand for forecast|000162,20251007-C816-D767-SMALL-#1
80784368|C816|D767|2025-10-06|net demand for safety|000009_transit_20251007-C816-D767-SMALL-#1,2025-10-08,80784368,C816,D767,2025-10-07,2025-10-10,67,80784368|C816|D767|2025-10-06|net demand for safety|000009,20251007-C816-D767-SMALL-#1
80784370|C816|D767|2025-10-06|net demand for safety|000034_transit_20251007-C816-D767-SMALL-#1,2025-10-08,80784370,C816,D767,2025-10-07,2025-10-10,45,80784370|C816|D767|2025-10-06|net demand for safety|000034,20251007-C816-D767-SMALL-#1
80799645|C816|D767|2025-10-06|net demand for safety|000049_transit_20251007-C816-D767-SMALL-#1,2025-10-08,80799645,C816,D767,2025-10-07,2025-10-10,101,80799645|C816|D767|2025-10-06|net demand for safety|000049,20251007-C816-D767-SMALL-#1
80804079|C816|D767|2025-10-06|net demand for safety|000053_transit_20251007-C816-D767-SMALL-#1,2025-10-08,80804079,C816,D767,2025-10-07,2025-10-10,26,80804079|C816|D767|2025-10-06|net demand for safety|000053,20251007-C816-D767-SMALL-#1
80842334|C816|D767|2025-10-06|net demand for safety|000062_transit_20251007-C816-D767-SMALL-#1,2025-10-08,80842334,C816,D767,2025-10-07,2025-10-10,30,80842334|C816|D767|2025-10-06|net demand for safety|000062,20251007-C816-D767-SMALL-#1
8084233901|C816|D767|2025-10-06|net demand for safety|000064_transit_20251007-C816-D767-SMALL-#1,2025-10-08,8084233901,C816,D767,2025-10-07,2025-10-10,2,8084233901|C816|D767|2025-10-06|net demand for safety|000064,20251007-C816-D767-SMALL-#1
80842339|C816|D767|2025-10-06|net demand for safety|000063_transit_20251007-C816-D767-SMALL-#1,2025-10-08,80842339,C816,D767,2025-10-07,2025-10-10,2,80842339|C816|D767|2025-10-06|net demand for safety|000063,20251007-C816-D767-SMALL-#1
80784368|C816|D767|2025-10-07|net demand for safety|000077_transit_20251007-C816-D767-SMALL-#1,2025-10-08,80784368,C816,D767,2025-10-07,2025-10-10,14,80784368|C816|D767|2025-10-07|net demand for safety|000077,20251007-C816-D767-SMALL-#1
80784370|C816|D767|2025-10-07|net demand for safety|000110_transit_20251007-C816-D767-SMALL-#1,2025-10-08,80784370,C816,D767,2025-10-07,2025-10-10,9,80784370|C816|D767|2025-10-07|net demand for safety|000110,20251007-C816-D767-SMALL-#1
80799645|C816|D767|2025-10-07|net demand for safety|000137_transit_20251007-C816-D767-SMALL-#1,2025-10-08,80799645,C816,D767,2025-10-07,2025-10-10,32,80799645|C816|D767|2025-10-07|net demand for safety|000137,20251007-C816-D767-SMALL-#1
80804079|C816|D767|2025-10-07|net demand for safety|000154_transit_20251007-C816-D767-SMALL-#1,2025-10-08,80804079,C816,D767,2025-10-07,2025-10-10,15,80804079|C816|D767|2025-10-07|net demand for safety|000154,20251007-C816-D767-SMALL-#1
80842334|C816|D767|2025-10-07|net demand for safety|000163_transit_20251007-C816-D767-SMALL-#1,2025-10-08,80842334,C816,D767,2025-10-07,2025-10-10,5,80842334|C816|D767|2025-10-07|net demand for safety|000163,20251007-C816-D767-SMALL-#1
8084233901|C816|D767|2025-10-07|net demand for safety|000165_transit_20251007-C816-D767-SMALL-#1,2025-10-08,8084233901,C816,D767,2025-10-07,2025-10-10,13,8084233901|C816|D767|2025-10-07|net demand for safety|000165,20251007-C816-D767-SMALL-#1
80842339|C816|D767|2025-10-07|net demand for safety|000164_transit_20251007-C816-D767-SMALL-#1,2025-10-08,80842339,C816,D767,2025-10-07,2025-10-10,9,80842339|C816|D767|2025-10-07|net demand for safety|000164,20251007-C816-D767-SMALL-#1
80842340|C816|D767|2025-10-07|net demand for safety|000166_transit_20251007-C816-D767-SMALL-#1,2025-10-08,80842340,C816,D767,2025-10-07,2025-10-10,1,80842340|C816|D767|2025-10-07|net demand for safety|000166,20251007-C816-D767-SMALL-#1
80845182|A888|A672|2025-10-08|net demand for normal|000420_transit_20251008-A888-A672-Train-#1,2025-10-08,80845182,A888,A672,2025-10-08,2025-10-15,301,80845182|A888|A672|2025-10-08|net demand for normal|000420,20251008-A888-A672-Train-#1
80845182|A888|A672|2025-10-08|net demand for net demand for normal|000418_transit_20251008-A888-A672-Train-#1,2025-10-08,80845182,A888,A672,2025-10-08,2025-10-16,61,80845182|A888|A672|2025-10-08|net demand for net demand for normal|000418,20251008-A888-A672-Train-#1
80845182|A888|A672|2025-10-08|net demand for net demand for normal|000419_transit_20251008-A888-A672-Train-#1,2025-10-08,80845182,A888,A672,2025-10-08,2025-10-15,160,80845182|A888|A672|2025-10-08|net demand for net demand for normal|000419,20251008-A888-A672-Train-#1
80845182|A888|A672|2025-10-08|net demand for AO|000369_transit_20251008-A888-A672-Train-#1,2025-10-08,80845182,A888,A672,2025-10-08,2025-10-15,41,80845182|A888|A672|2025-10-08|net demand for AO|000369,20251008-A888-A672-Train-#1
80845182|A888|A672|2025-10-08|net demand for AO|000370_transit_20251008-A888-A672-Train-#1,2025-10-08,80845182,A888,A672,2025-10-08,2025-10-15,42,80845182|A888|A672|2025-10-08|net demand for AO|000370,20251008-A888-A672-Train-#1
80845182|A888|A672|2025-10-08|net demand for AO|000371_transit_20251008-A888-A672-Train-#1,2025-10-08,80845182,A888,A672,2025-10-08,2025-10-15,44,80845182|A888|A672|2025-10-08|net demand for AO|000371,20251008-A888-A672-Train-#1
80845182|A888|A672|2025-10-08|net demand for net demand for AO|000412_transit_20251008-A888-A672-Train-#1,2025-10-08,80845182,A888,A672,2025-10-08,2025-10-15,6,80845182|A888|A672|2025-10-08|net demand for net demand for AO|000412,20251008-A888-A672-Train-#1
80845182|A888|A672|2025-10-08|net demand for net demand for AO|000413_transit_20251008-A888-A672-Train-#1,2025-10-08,80845182,A888,A672,2025-10-08,2025-10-15,6,80845182|A888|A672|2025-10-08|net demand for net demand for AO|000413,20251008-A888-A672-Train-#1
80845182|A888|A672|2025-10-08|net demand for net demand for AO|000414_transit_20251008-A888-A672-Train-#1,2025-10-08,80845182,A888,A672,2025-10-08,2025-10-15,6,80845182|A888|A672|2025-10-08|net demand for net demand for AO|000414,20251008-A888-A672-Train-#1
80845182|A888|A672|2025-10-08|net demand for net demand for AO|000415_transit_20251008-A888-A672-Train-#1,2025-10-08,80845182,A888,A672,2025-10-08,2025-10-15,9,80845182|A888|A672|2025-10-08|net demand for net demand for AO|000415,20251008-A888-A672-Train-#1
80845182|A888|A672|2025-10-08|net demand for net demand for AO|000416_transit_20251008-A888-A672-Train-#1,2025-10-08,80845182,A888,A672,2025-10-08,2025-10-15,9,80845182|A888|A672|2025-10-08|net demand for net demand for AO|000416,20251008-A888-A672-Train-#1
80845182|A888|A672|2025-10-08|net demand for net demand for AO|000417_transit_20251008-A888-A672-Train-#1,2025-10-08,80845182,A888,A672,2025-10-08,2025-10-16,9,80845182|A888|A672|2025-10-08|net demand for net demand for AO|000417,20251008-A888-A672-Train-#1
80845182|A888|A672|2025-10-08|net demand for forecast|000372_transit_20251008-A888-A672-Train-#1,2025-10-08,80845182,A888,A672,2025-10-08,2025-10-15,43,80845182|A888|A672|2025-10-08|net demand for forecast|000372,20251008-A888-A672-Train-#1
80845182|A888|A672|2025-10-08|net demand for forecast|000373_transit_20251008-A888-A672-Train-#1,2025-10-08,80845182,A888,A672,2025-10-08,2025-10-15,53,80845182|A888|A672|2025-10-08|net demand for forecast|000373,20251008-A888-A672-Train-#1
80845182|A888|A672|2025-10-08|net demand for forecast|000374_transit_20251008-A888-A672-Train-#1,2025-10-08,80845182,A888,A672,2025-10-08,2025-10-15,53,80845182|A888|A672|2025-10-08|net demand for forecast|000374,20251008-A888-A672-Train-#1
80845182|A888|A672|2025-10-08|net demand for forecast|000375_transit_20251008-A888-A672-Train-#1,2025-10-08,80845182,A888,A672,2025-10-08,2025-10-15,53,80845182|A888|A672|2025-10-08|net demand for forecast|000375,20251008-A888-A672-Train-#1
80845182|A888|A672|2025-10-08|net demand for forecast|000376_transit_20251008-A888-A672-Train-#1,2025-10-08,80845182,A888,A672,2025-10-08,2025-10-15,54,80845182|A888|A672|2025-10-08|net demand for forecast|000376,20251008-A888-A672-Train-#1
80845182|A888|A672|2025-10-08|net demand for forecast|000377_transit_20251008-A888-A672-Train-#1,2025-10-08,80845182,A888,A672,2025-10-08,2025-10-15,54,80845182|A888|A672|2025-10-08|net demand for forecast|000377,20251008-A888-A672-Train-#1
80845182|A888|A672|2025-10-08|net demand for forecast|000378_transit_20251008-A888-A672-Train-#1,2025-10-08,80845182,A888,A672,2025-10-08,2025-10-15,54,80845182|A888|A672|2025-10-08|net demand for forecast|000378,20251008-A888-A672-Train-#1
80845182|A888|A672|2025-10-08|net demand for forecast|000379_transit_20251008-A888-A672-Train-#1,2025-10-08,80845182,A888,A672,2025-10-08,2025-10-15,54,80845182|A888|A672|2025-10-08|net demand for forecast|000379,20251008-A888-A672-Train-#1
80845182|A888|A672|2025-10-08|net demand for forecast|000380_transit_20251008-A888-A672-Train-#1,2025-10-08,80845182,A888,A672,2025-10-08,2025-10-15,68,80845182|A888|A672|2025-10-08|net demand for forecast|000380,20251008-A888-A672-Train-#1
80845182|A888|A672|2025-10-08|net demand for forecast|000381_transit_20251008-A888-A672-Train-#1,2025-10-08,80845182,A888,A672,2025-10-08,2025-10-15,68,80845182|A888|A672|2025-10-08|net demand for forecast|000381,20251008-A888-A672-Train-#1
80845182|A888|A672|2025-10-08|net demand for forecast|000382_transit_20251008-A888-A672-Train-#1,2025-10-08,80845182,A888,A672,2025-10-08,2025-10-15,68,80845182|A888|A672|2025-10-08|net demand for forecast|000382,20251008-A888-A672-Train-#1
80845182|A888|A672|2025-10-08|net demand for forecast|000383_transit_20251008-A888-A672-Train-#1,2025-10-08,80845182,A888,A672,2025-10-08,2025-10-15,68,80845182|A888|A672|2025-10-08|net demand for forecast|000383,20251008-A888-A672-Train-#1
80845182|A888|A672|2025-10-08|net demand for forecast|000384_transit_20251008-A888-A672-Train-#1,2025-10-08,80845182,A888,A672,2025-10-08,2025-10-15,68,80845182|A888|A672|2025-10-08|net demand for forecast|000384,20251008-A888-A672-Train-#1
80845182|A888|A672|2025-10-08|net demand for forecast|000385_transit_20251008-A888-A672-Train-#1,2025-10-08,80845182,A888,A672,2025-10-08,2025-10-15,68,80845182|A888|A672|2025-10-08|net demand for forecast|000385,20251008-A888-A672-Train-#1
80845182|A888|A672|2025-10-08|net demand for forecast|000386_transit_20251008-A888-A672-Train-#1,2025-10-08,80845182,A888,A672,2025-10-08,2025-10-15,68,80845182|A888|A672|2025-10-08|net demand for forecast|000386,20251008-A888-A672-Train-#1
80845182|A888|A672|2025-10-08|net demand for forecast|000387_transit_20251008-A888-A672-Train-#1,2025-10-08,80845182,A888,A672,2025-10-08,2025-10-15,77,80845182|A888|A672|2025-10-08|net demand for forecast|000387,20251008-A888-A672-Train-#1
80845182|A888|A672|2025-10-08|net demand for forecast|000388_transit_20251008-A888-A672-Train-#1,2025-10-08,80845182,A888,A672,2025-10-08,2025-10-15,77,80845182|A888|A672|2025-10-08|net demand for forecast|000388,20251008-A888-A672-Train-#1
80845182|A888|A672|2025-10-08|net demand for forecast|000389_transit_20251008-A888-A672-Train-#1,2025-10-08,80845182,A888,A672,2025-10-08,2025-10-15,77,80845182|A888|A672|2025-10-08|net demand for forecast|000389,20251008-A888-A672-Train-#1
80845182|A888|A672|2025-10-08|net demand for forecast|000390_transit_20251008-A888-A672-Train-#1,2025-10-08,80845182,A888,A672,2025-10-08,2025-10-15,77,80845182|A888|A672|2025-10-08|net demand for forecast|000390,20251008-A888-A672-Train-#1
80845182|A888|A672|2025-10-08|net demand for forecast|000391_transit_20251008-A888-A672-Train-#1,2025-10-08,80845182,A888,A672,2025-10-08,2025-10-15,77,80845182|A888|A672|2025-10-08|net demand for forecast|000391,20251008-A888-A672-Train-#1
80845182|A888|A672|2025-10-08|net demand for forecast|000392_transit_20251008-A888-A672-Train-#1,2025-10-08,80845182,A888,A672,2025-10-08,2025-10-15,77,80845182|A888|A672|2025-10-08|net demand for forecast|000392,20251008-A888-A672-Train-#1
80845182|A888|A672|2025-10-08|net demand for forecast|000393_transit_20251008-A888-A672-Train-#1,2025-10-08,80845182,A888,A672,2025-10-08,2025-10-16,77,80845182|A888|A672|2025-10-08|net demand for forecast|000393,20251008-A888-A672-Train-#1
80845182|A888|A672|2025-10-08|net demand for forecast|000394_transit_20251008-A888-A672-Train-#1,2025-10-08,80845182,A888,A672,2025-10-08,2025-10-16,127,80845182|A888|A672|2025-10-08|net demand for forecast|000394,20251008-A888-A672-Train-#1
80845182|A888|A672|2025-10-08|net demand for forecast|000395_transit_20251008-A888-A672-Train-#1,2025-10-08,80845182,A888,A672,2025-10-08,2025-10-15,127,80845182|A888|A672|2025-10-08|net demand for forecast|000395,20251008-A888-A672-Train-#1
80845182|A888|A672|2025-10-08|net demand for forecast|000396_transit_20251008-A888-A672-Train-#1,2025-10-08,80845182,A888,A672,2025-10-08,2025-10-15,128,80845182|A888|A672|2025-10-08|net demand for forecast|000396,20251008-A888-A672-Train-#1
80845182|A888|A672|2025-10-08|net demand for forecast|000397_transit_20251008-A888-A672-Train-#1,2025-10-08,80845182,A888,A672,2025-10-08,2025-10-15,128,80845182|A888|A672|2025-10-08|net demand for forecast|000397,20251008-A888-A672-Train-#1
80845182|A888|A672|2025-10-08|net demand for forecast|000398_transit_20251008-A888-A672-Train-#1,2025-10-08,80845182,A888,A672,2025-10-08,2025-10-15,128,80845182|A888|A672|2025-10-08|net demand for forecast|000398,20251008-A888-A672-Train-#1
80845182|A888|A672|2025-10-08|net demand for forecast|000399_transit_20251008-A888-A672-Train-#1,2025-10-08,80845182,A888,A672,2025-10-08,2025-10-15,128,80845182|A888|A672|2025-10-08|net demand for forecast|000399,20251008-A888-A672-Train-#1
80845182|A888|A672|2025-10-08|net demand for forecast|000400_transit_20251008-A888-A672-Train-#1,2025-10-08,80845182,A888,A672,2025-10-08,2025-10-15,128,80845182|A888|A672|2025-10-08|net demand for forecast|000400,20251008-A888-A672-Train-#1
80845182|A888|A672|2025-10-08|net demand for forecast|000401_transit_20251008-A888-A672-Train-#1,2025-10-08,80845182,A888,A672,2025-10-08,2025-10-15,161,80845182|A888|A672|2025-10-08|net demand for forecast|000401,20251008-A888-A672-Train-#1
80845182|A888|A672|2025-10-08|net demand for forecast|000402_transit_20251008-A888-A672-Train-#1,2025-10-08,80845182,A888,A672,2025-10-08,2025-10-15,161,80845182|A888|A672|2025-10-08|net demand for forecast|000402,20251008-A888-A672-Train-#1
80845182|A888|A672|2025-10-08|net demand for forecast|000403_transit_20251008-A888-A672-Train-#1,2025-10-08,80845182,A888,A672,2025-10-08,2025-10-16,161,80845182|A888|A672|2025-10-08|net demand for forecast|000403,20251008-A888-A672-Train-#1
80845182|A888|A672|2025-10-08|net demand for forecast|000404_transit_20251008-A888-A672-Train-#1,2025-10-08,80845182,A888,A672,2025-10-08,2025-10-15,161,80845182|A888|A672|2025-10-08|net demand for forecast|000404,20251008-A888-A672-Train-#1
80845182|A888|A672|2025-10-08|net demand for forecast|000405_transit_20251008-A888-A672-Train-#1,2025-10-08,80845182,A888,A672,2025-10-08,2025-10-15,199,80845182|A888|A672|2025-10-08|net demand for forecast|000405,20251008-A888-A672-Train-#1
80845182|A888|A672|2025-10-08|net demand for forecast|000406_transit_20251008-A888-A672-Train-#1,2025-10-08,80845182,A888,A672,2025-10-08,2025-10-15,216,80845182|A888|A672|2025-10-08|net demand for forecast|000406,20251008-A888-A672-Train-#1
80845182|A888|A672|2025-10-08|net demand for forecast|000407_transit_20251008-A888-A672-Train-#1,2025-10-08,80845182,A888,A672,2025-10-08,2025-10-15,216,80845182|A888|A672|2025-10-08|net demand for forecast|000407,20251008-A888-A672-Train-#1
80845182|A888|A672|2025-10-08|net demand for forecast|000408_transit_20251008-A888-A672-Train-#1,2025-10-08,80845182,A888,A672,2025-10-08,2025-10-15,216,80845182|A888|A672|2025-10-08|net demand for forecast|000408,20251008-A888-A672-Train-#1
80845182|A888|A672|2025-10-08|net demand for forecast|000409_transit_20251008-A888-A672-Train-#1,2025-10-08,80845182,A888,A672,2025-10-08,2025-10-15,216,80845182|A888|A672|2025-10-08|net demand for forecast|000409,20251008-A888-A672-Train-#1
80845182|A888|A672|2025-10-08|net demand for forecast|000410_transit_20251008-A888-A672-Train-#1,2025-10-08,80845182,A888,A672,2025-10-08,2025-10-16,216,80845182|A888|A672|2025-10-08|net demand for forecast|000410,20251008-A888-A672-Train-#1
80845182|A888|A672|2025-10-08|net demand for forecast|000411_transit_20251008-A888-A672-Train-#1,2025-10-08,80845182,A888,A672,2025-10-08,2025-10-15,32,80845182|A888|A672|2025-10-08|net demand for forecast|000411,20251008-A888-A672-Train-#1
